timestamp,temp_55,temp_43,hum_43,wind_speed_43,wind_dir_43
2025-11-06 11:05:06.590177+01:00,19.06,17.44,69.2,4.47,334.0
2025-11-06 11:05:08.602050+01:00,19.06,17.44,69.2,4.47,334.0
2025-11-06 11:08:12.614096+01:00,18.67,17.39,68.7,3.58,10.0
2025-11-06 11:08:14.294651+01:00,18.67,17.39,68.7,3.58,10.0
2025-11-06 11:09:22.438362+01:00,18.61,17.39,67.6,3.58,355.0
2025-11-06 11:09:24.808021+01:00,18.61,17.39,67.6,3.58,355.0
2025-11-06 11:10:10.840143+01:00,18.67,17.33,68.5,3.58,355.0
2025-11-06 11:10:12.516207+01:00,18.67,17.33,68.5,3.58,355.0
2025-11-06 11:15:13.124840+01:00,18.06,17.28,68.3,3.58,342.0
2025-11-06 11:20:13.708758+01:00,17.61,17.22,68.9,2.68,338.0
2025-11-06 11:25:14.264342+01:00,17.33,17.17,65.4,3.13,41.0
2025-11-06 11:30:14.854946+01:00,17.28,17.17,67.7,1.79,72.0
2025-11-06 11:35:15.458536+01:00,17.17,17.11,64.5,4.02,36.0
2025-11-06 11:40:16.022211+01:00,18.67,17.17,65.9,3.58,17.0
2025-11-06 11:45:16.628383+01:00,19.61,17.39,64.5,4.02,45.0
2025-11-06 11:50:17.184063+01:00,19.89,17.67,64.8,4.47,37.0
2025-11-06 11:55:17.829434+01:00,21.33,17.83,65.0,4.92,45.0
2025-11-06 12:00:18.450298+01:00,20.44,18.06,62.3,5.81,67.0
2025-11-06 12:05:19.072525+01:00,19.61,17.89,61.3,5.81,22.0
2025-11-06 12:10:19.718986+01:00,20.06,17.94,63.3,3.13,13.0
2025-11-06 12:15:21.360217+01:00,20.78,18.06,65.2,4.02,335.0
2025-11-06 12:20:22.132597+01:00,20.61,18.17,61.2,4.02,329.0
2025-11-06 12:25:22.724359+01:00,21.83,18.22,60.6,4.92,48.0
2025-11-06 12:30:23.364042+01:00,23.28,18.39,65.2,6.71,45.0
2025-11-06 12:35:23.987771+01:00,23.17,18.44,65.9,4.47,352.0
2025-11-06 12:40:24.640108+01:00,23.33,18.33,64.0,4.47,348.0
2025-11-06 12:45:25.192120+01:00,24.11,18.56,62.1,3.58,333.0
2025-11-06 12:50:25.814180+01:00,23.94,18.72,59.8,4.02,334.0
2025-11-06 12:55:26.381035+01:00,22.11,18.67,60.4,4.47,28.0
2025-11-06 13:00:27.026328+01:00,21.72,18.83,62.1,4.02,340.0
2025-11-06 13:05:27.773235+01:00,21.17,18.83,58.9,5.81,42.0
2025-11-06 13:10:28.408249+01:00,20.78,18.78,62.0,5.81,355.0
2025-11-06 13:15:28.331368+01:00,20.33,18.67,63.7,4.92,336.0
2025-11-06 13:20:29.177739+01:00,19.78,18.44,63.1,6.26,355.0
2025-11-06 13:25:29.746230+01:00,19.39,18.5,60.7,4.92,344.0
2025-11-06 13:30:30.350445+01:00,19.22,18.83,60.9,4.47,19.0
2025-11-06 13:35:30.888723+01:00,19.06,18.89,58.2,6.71,337.0
2025-11-06 13:40:31.507407+01:00,18.89,19.11,53.9,6.26,355.0
2025-11-06 13:45:32.163937+01:00,18.67,18.94,56.9,6.71,337.0
2025-11-06 13:50:33.017246+01:00,18.78,19.0,57.2,4.92,347.0
2025-11-06 13:55:33.705702+01:00,18.89,19.11,56.9,5.36,352.0
2025-11-06 14:00:34.341761+01:00,18.78,19.22,57.3,5.36,344.0
2025-11-06 14:05:34.996048+01:00,18.67,19.06,57.6,4.47,10.0
2025-11-06 14:10:35.615037+01:00,18.89,18.94,58.4,4.47,343.0
2025-11-06 14:15:37.220635+01:00,19.5,19.17,58.1,4.92,336.0
2025-11-06 14:20:37.886997+01:00,19.67,19.11,57.1,5.36,340.0
2025-11-06 14:25:38.581206+01:00,19.39,19.17,55.4,5.81,355.0
2025-11-06 14:30:39.262326+01:00,19.78,19.39,56.2,5.81,347.0
2025-11-06 14:35:40.012049+01:00,19.78,19.28,55.3,6.26,337.0
2025-11-06 14:40:40.690345+01:00,19.67,19.0,56.6,5.36,360.0
2025-11-06 14:45:41.398843+01:00,19.89,19.06,56.1,5.36,355.0
2025-11-06 14:50:41.994887+01:00,19.78,18.89,56.2,4.92,340.0
2025-11-06 14:55:42.693534+01:00,19.94,19.0,56.0,3.58,352.0
2025-11-06 15:00:43.382755+01:00,20.89,19.22,55.3,3.58,355.0
2025-11-06 15:05:43.977206+01:00,20.17,19.0,56.3,4.47,5.0
2025-11-06 15:10:44.619923+01:00,21.94,19.0,55.5,4.02,360.0
2025-11-06 15:15:46.205938+01:00,20.72,18.94,55.1,5.36,355.0
2025-11-06 15:20:47.000929+01:00,20.06,18.78,56.4,3.58,360.0
2025-11-06 15:25:47.780173+01:00,20.06,18.67,57.4,4.92,337.0
2025-11-06 15:30:48.438049+01:00,19.67,18.61,58.2,3.58,347.0
2025-11-06 15:35:49.043685+01:00,19.5,18.5,58.7,4.47,360.0
2025-11-06 15:40:49.647495+01:00,19.5,18.78,56.9,4.92,360.0
2025-11-06 15:45:50.268863+01:00,19.39,18.89,56.1,4.92,330.0
2025-11-06 15:50:51.004737+01:00,19.39,18.78,57.0,4.47,343.0
2025-11-06 15:55:51.619022+01:00,19.11,18.67,57.7,4.47,5.0
2025-11-06 16:00:52.283706+01:00,18.94,18.44,59.0,4.47,337.0
2025-11-06 16:05:52.957915+01:00,18.89,18.39,60.0,2.68,346.0
2025-11-06 16:10:53.532402+01:00,18.78,18.44,58.0,4.47,337.0
2025-11-06 16:15:54.072346+01:00,18.67,18.5,56.8,4.92,345.0
2025-11-06 16:20:54.716396+01:00,18.67,18.61,57.3,4.92,360.0
2025-11-06 16:25:55.331987+01:00,18.67,18.44,57.0,4.02,355.0
2025-11-06 16:30:55.968481+01:00,18.67,18.44,56.5,4.47,19.0
2025-11-06 16:35:56.488930+01:00,18.5,18.56,56.9,4.47,346.0
2025-11-06 16:40:57.122623+01:00,18.5,18.61,56.1,5.36,336.0
2025-11-06 16:45:57.754628+01:00,18.5,18.61,56.7,6.26,360.0
2025-11-06 16:50:58.546147+01:00,18.5,18.72,56.4,5.81,360.0
2025-11-06 16:55:59.106365+01:00,18.5,18.56,58.2,5.36,355.0
2025-11-06 17:00:59.794684+01:00,18.06,18.5,57.3,4.47,355.0
2025-11-06 17:06:00.488260+01:00,17.61,18.5,58.7,5.81,348.0
2025-11-06 17:11:01.126552+01:00,17.61,18.39,58.9,4.47,350.0
2025-11-06 17:16:01.799589+01:00,17.5,18.28,57.8,5.36,350.0
2025-11-06 17:21:02.486857+01:00,17.44,18.28,58.6,4.02,355.0
2025-11-06 17:26:03.135265+01:00,17.44,18.33,58.4,3.58,331.0
2025-11-06 17:31:03.854572+01:00,17.33,18.33,57.4,2.24,23.0
2025-11-06 17:36:04.542907+01:00,17.33,18.22,57.0,4.47,345.0
2025-11-06 17:41:05.113553+01:00,17.28,18.11,57.2,4.02,360.0
2025-11-06 17:46:05.706177+01:00,17.28,18.11,58.4,3.13,12.0
2025-11-06 17:51:06.331661+01:00,17.17,18.06,57.6,3.58,342.0
2025-11-06 17:56:06.953458+01:00,17.17,17.94,58.6,3.58,341.0
2025-11-06 18:01:07.638086+01:00,17.17,17.89,59.4,1.79,336.0
2025-11-06 18:06:08.255179+01:00,17.0,17.78,60.1,1.79,338.0
2025-11-06 18:11:08.939750+01:00,16.89,17.67,60.5,1.79,301.0
2025-11-06 18:16:09.543013+01:00,16.83,17.56,61.1,1.79,355.0
2025-11-06 18:21:10.393269+01:00,16.72,17.44,61.6,1.34,9.0
2025-11-06 18:26:11.007988+01:00,16.67,17.28,62.3,1.79,346.0
2025-11-06 18:31:11.624375+01:00,16.56,17.11,63.1,0.89,344.0
2025-11-06 18:36:12.295248+01:00,16.44,17.0,64.0,0.89,355.0
2025-11-06 18:41:12.914508+01:00,16.28,16.78,64.6,0.89,352.0
2025-11-06 18:46:13.556083+01:00,16.22,16.67,65.1,1.34,348.0
2025-11-06 18:51:15.155382+01:00,16.06,16.5,66.0,1.34,330.0
2025-11-06 18:56:15.703256+01:00,15.94,16.33,67.0,0.89,339.0
2025-11-06 19:01:16.328076+01:00,15.83,16.06,68.1,0.89,344.0
2025-11-06 19:06:16.906429+01:00,15.78,15.72,70.1,1.34,360.0
2025-11-06 19:11:17.478386+01:00,15.67,15.17,71.9,1.34,360.0
2025-11-06 19:16:18.100842+01:00,15.61,14.89,73.2,1.34,360.0
2025-11-06 19:21:18.642206+01:00,15.5,14.67,73.9,1.34,360.0
2025-11-06 19:26:19.250176+01:00,15.44,14.33,74.7,1.34,360.0
2025-11-06 19:31:19.819837+01:00,15.33,14.11,75.5,0.89,348.0
2025-11-06 19:36:20.505752+01:00,15.28,13.94,76.3,0.89,348.0
2025-11-06 19:57:21.706902+01:00,14.94,13.5,77.8,1.34,13.0
2025-11-07 08:44:36.988362+01:00,15.0,13.61,88.3,1.34,337.0
2025-11-07 08:44:50.010828+01:00,15.0,13.61,88.3,1.34,337.0
2025-11-07 08:49:50.667107+01:00,15.17,13.67,88.5,0.45,340.0
2025-11-07 08:54:51.277013+01:00,15.11,13.67,88.3,0.89,340.0
2025-11-07 08:59:51.860083+01:00,15.0,13.72,88.4,0.89,340.0
2025-11-07 09:04:52.459661+01:00,15.17,13.78,88.3,0.89,340.0
2025-11-07 09:09:53.108411+01:00,15.5,13.89,88.3,0.89,351.0
2025-11-07 09:14:53.698542+01:00,15.78,13.94,87.9,0.45,351.0
2025-11-07 09:19:54.298202+01:00,15.5,14.06,87.6,0.89,346.0
2025-11-07 09:24:54.973066+01:00,15.28,14.22,87.1,,
2025-11-07 09:29:55.583227+01:00,15.17,14.33,86.9,0.0,0.0
2025-11-07 09:34:56.214922+01:00,15.28,14.44,86.3,1.34,212.0
2025-11-07 09:39:56.894619+01:00,15.61,15.0,83.9,2.24,182.0
2025-11-07 09:44:57.559579+01:00,16.28,15.5,81.9,2.24,184.0
2025-11-07 09:49:59.260872+01:00,16.56,15.94,80.1,1.34,196.0
2025-11-07 09:54:59.862077+01:00,16.56,16.22,79.6,1.34,196.0
2025-11-07 10:00:00.492888+01:00,16.72,16.44,78.9,0.89,196.0
2025-11-07 10:05:01.081938+01:00,17.0,16.72,78.8,1.79,192.0
2025-11-07 10:10:01.715615+01:00,17.28,17.06,77.8,2.24,180.0
2025-11-07 10:15:02.751121+01:00,17.33,17.33,76.8,2.24,202.0
2025-11-07 10:20:03.380004+01:00,19.11,17.61,75.4,1.34,205.0
2025-11-07 10:25:04.039875+01:00,20.5,17.78,74.1,2.24,194.0
2025-11-07 10:30:04.674924+01:00,21.44,18.06,73.8,1.34,189.0
2025-11-07 10:35:05.325283+01:00,22.28,18.44,72.4,1.79,197.0
2025-11-07 10:40:05.920807+01:00,23.44,18.61,71.6,1.34,193.0
2025-11-07 10:45:06.521691+01:00,24.22,18.83,71.2,0.89,197.0
2025-11-07 10:50:07.144277+01:00,24.61,19.11,69.9,2.68,167.0
2025-11-07 10:55:07.822992+01:00,25.5,19.44,68.7,2.24,171.0
2025-11-07 11:00:08.514918+01:00,25.0,19.72,67.0,3.58,172.0
2025-11-07 11:05:09.143542+01:00,24.11,19.72,67.8,2.68,163.0
2025-11-07 11:10:09.755769+01:00,22.0,19.5,68.1,3.13,128.0
2025-11-07 11:15:10.372751+01:00,22.89,19.22,68.6,3.58,112.0
2025-11-07 11:20:11.112082+01:00,23.83,19.28,69.6,2.68,191.0
2025-11-07 11:25:11.710729+01:00,23.33,19.44,68.7,1.79,179.0
2025-11-07 11:30:12.248427+01:00,26.33,19.56,68.4,3.58,130.0
2025-11-07 11:35:12.880297+01:00,27.78,19.67,68.9,3.13,138.0
2025-11-07 11:40:13.511733+01:00,28.22,19.83,68.5,4.02,147.0
2025-11-07 11:45:14.101271+01:00,24.33,19.83,68.4,4.02,90.0
2025-11-07 11:50:14.729176+01:00,23.56,19.83,68.1,4.02,134.0
2025-11-07 11:55:15.344900+01:00,24.33,19.72,68.4,1.34,182.0
2025-11-07 12:00:15.931942+01:00,23.67,19.89,68.3,2.24,196.0
2025-11-07 12:05:16.522437+01:00,22.78,19.89,68.1,2.68,196.0
2025-11-07 12:10:17.094351+01:00,23.28,19.89,68.3,2.68,205.0
2025-11-07 12:15:17.720309+01:00,22.78,19.89,68.6,1.34,167.0
2025-11-07 12:20:18.321150+01:00,23.67,20.0,68.4,3.13,202.0
2025-11-07 12:25:18.953235+01:00,23.28,20.0,68.4,3.58,28.0
2025-11-07 12:30:19.572502+01:00,22.89,19.94,68.5,1.79,109.0
2025-11-07 12:35:20.190079+01:00,22.78,20.0,68.5,3.13,126.0
2025-11-07 12:40:20.772540+01:00,21.83,19.83,70.4,2.68,102.0
2025-11-07 12:45:21.341886+01:00,22.28,19.39,71.5,2.24,22.0
2025-11-07 12:50:21.950496+01:00,22.22,19.22,71.9,5.36,22.0
2025-11-07 12:55:22.558063+01:00,21.94,19.22,71.7,3.58,34.0
2025-11-07 13:00:23.174358+01:00,21.56,19.0,72.9,6.26,28.0
2025-11-07 13:05:23.801084+01:00,20.61,18.44,77.8,7.15,28.0
2025-11-07 13:10:24.368970+01:00,20.33,17.78,82.0,4.47,53.0
2025-11-07 13:15:24.951617+01:00,20.61,17.61,84.1,1.79,108.0
2025-11-07 13:20:25.531493+01:00,20.72,17.61,85.4,2.24,198.0
2025-11-07 13:25:26.124879+01:00,21.0,17.56,85.6,1.79,163.0
2025-11-07 13:30:26.703872+01:00,21.17,17.61,86.3,1.34,194.0
2025-11-07 13:35:27.289570+01:00,21.28,17.72,86.3,1.79,159.0
2025-11-07 13:40:27.895324+01:00,21.17,17.89,85.6,2.24,198.0
2025-11-07 13:45:28.538513+01:00,21.17,18.17,83.3,2.24,190.0
2025-11-07 13:50:29.103805+01:00,21.56,18.5,81.1,1.79,165.0
2025-11-07 13:55:30.110253+01:00,22.0,18.94,79.8,2.24,148.0
2025-11-07 14:00:30.781467+01:00,22.11,19.28,77.7,3.13,128.0
2025-11-07 14:05:31.378617+01:00,22.11,19.44,76.5,1.34,207.0
2025-11-07 14:10:31.947913+01:00,21.72,19.56,75.7,3.13,79.0
2025-11-07 14:15:32.610107+01:00,21.17,19.5,75.5,3.58,22.0
2025-11-07 14:20:33.161091+01:00,21.33,19.56,75.4,1.34,66.0
2025-11-07 14:25:33.740153+01:00,21.61,19.72,74.6,3.13,120.0
2025-11-07 14:30:34.361036+01:00,22.22,19.83,74.8,2.24,161.0
2025-11-07 14:35:34.979120+01:00,22.94,19.94,74.7,1.79,215.0
2025-11-07 14:40:35.601785+01:00,22.22,20.0,74.3,3.58,201.0
2025-11-07 14:45:36.218303+01:00,21.56,19.94,74.6,1.34,194.0
2025-11-07 14:50:36.850783+01:00,21.33,19.94,74.7,1.79,80.0
2025-11-07 14:55:37.458354+01:00,22.61,19.94,74.9,0.89,83.0
2025-11-07 15:00:38.043938+01:00,23.67,20.17,73.6,0.89,331.0
2025-11-07 15:05:38.659983+01:00,23.06,20.39,70.5,3.58,84.0
2025-11-07 15:10:39.310945+01:00,23.17,20.61,69.3,4.02,194.0
2025-11-07 15:15:39.897223+01:00,23.06,20.67,68.6,4.02,180.0
2025-11-07 15:20:40.524264+01:00,23.17,20.5,69.0,3.13,117.0
2025-11-07 15:25:41.123657+01:00,22.89,20.5,69.8,1.79,202.0
2025-11-07 15:30:41.752537+01:00,22.22,20.44,70.6,3.13,74.0
2025-11-07 15:35:42.333706+01:00,22.22,20.17,71.6,3.58,121.0
2025-11-07 15:40:42.942982+01:00,22.94,19.89,73.6,4.02,36.0
2025-11-07 15:45:43.575201+01:00,23.06,19.78,74.3,4.47,28.0
2025-11-07 15:50:44.206981+01:00,22.89,19.72,74.7,3.13,42.0
2025-11-07 15:55:44.834615+01:00,23.28,19.83,74.4,4.92,22.0
2025-11-07 16:00:45.495956+01:00,22.28,19.78,74.6,4.92,45.0
2025-11-07 16:05:46.182493+01:00,22.28,19.94,74.0,2.24,27.0
2025-11-07 16:10:46.792653+01:00,22.67,20.06,73.3,1.34,167.0
2025-11-07 16:15:47.384275+01:00,22.5,20.28,73.6,2.24,171.0
2025-11-07 16:20:47.998803+01:00,22.39,20.28,74.4,4.02,147.0
2025-11-07 16:25:48.624021+01:00,22.22,20.17,75.1,3.58,173.0
2025-11-07 16:30:49.285245+01:00,21.94,20.06,75.2,4.02,138.0
2025-11-07 16:35:49.846386+01:00,21.94,20.17,75.4,2.24,166.0
2025-11-07 16:40:50.501495+01:00,21.94,20.22,73.4,1.79,108.0
2025-11-07 16:45:51.122591+01:00,21.44,20.17,72.8,4.02,360.0
2025-11-07 16:50:51.709265+01:00,21.44,20.17,71.7,4.47,17.0
2025-11-07 16:55:52.360314+01:00,21.44,20.17,71.7,4.02,22.0
2025-11-07 17:00:52.995761+01:00,21.33,20.11,72.0,4.47,22.0
2025-11-07 17:05:53.597815+01:00,20.89,19.94,73.6,4.92,360.0
2025-11-07 17:10:54.270629+01:00,20.17,19.39,76.0,6.71,43.0
2025-11-07 17:15:54.861554+01:00,19.78,18.56,80.3,5.36,35.0
2025-11-07 17:20:55.489011+01:00,19.67,18.22,82.7,4.02,30.0
2025-11-07 17:25:56.081595+01:00,19.67,18.06,84.8,2.68,93.0
2025-11-07 17:30:56.692505+01:00,20.06,18.06,86.0,0.89,49.0
2025-11-07 17:35:57.294888+01:00,19.89,18.0,86.0,1.79,45.0
2025-11-07 17:40:57.980487+01:00,19.78,18.0,86.8,0.89,69.0
2025-11-07 17:45:58.615138+01:00,19.78,18.06,87.3,1.34,22.0
2025-11-07 17:50:59.281497+01:00,19.89,18.11,87.9,0.45,215.0
2025-11-07 17:55:59.979995+01:00,19.67,18.17,87.6,0.89,225.0
2025-11-07 18:01:00.599297+01:00,19.5,18.22,87.0,1.34,184.0
2025-11-07 18:06:01.248327+01:00,19.5,18.17,86.9,0.89,187.0
2025-11-07 18:27:29.552695+01:00,19.22,18.0,88.5,1.34,202.0
2025-11-07 18:32:30.193517+01:00,19.22,18.0,88.8,1.34,191.0
2025-11-07 18:37:30.793753+01:00,19.11,18.0,88.9,1.34,202.0
2025-11-07 18:42:31.540290+01:00,19.11,18.06,88.9,1.79,202.0
2025-11-07 18:47:32.163386+01:00,19.11,18.0,88.8,0.89,213.0
2025-11-07 18:52:32.717904+01:00,19.11,18.0,88.7,0.89,5.0
2025-11-07 18:57:33.356835+01:00,19.06,17.94,88.9,1.34,45.0
2025-11-07 19:02:34.073893+01:00,18.94,17.83,89.3,1.79,112.0
2025-11-07 19:07:34.706659+01:00,18.94,17.72,89.9,2.24,34.0
2025-11-07 19:12:35.372138+01:00,18.94,17.67,90.0,1.34,57.0
2025-11-07 19:17:36.064141+01:00,18.94,17.67,90.4,0.89,36.0
2025-11-07 19:22:36.947346+01:00,18.89,17.61,90.7,1.79,46.0
2025-11-07 19:27:37.760312+01:00,18.78,17.61,91.0,1.34,67.0
2025-11-07 19:32:38.415215+01:00,18.67,17.56,91.1,1.79,112.0
2025-11-07 19:37:39.050306+01:00,18.67,17.56,91.3,2.68,113.0
2025-11-07 19:42:39.779984+01:00,18.67,17.61,91.4,1.34,166.0
2025-11-07 19:47:40.501860+01:00,18.61,17.56,91.5,1.34,86.0
2025-11-07 19:52:41.827611+01:00,18.61,17.56,91.6,1.34,32.0
2025-11-07 19:57:42.452107+01:00,18.61,17.5,91.6,1.79,45.0
2025-11-07 20:02:44.111416+01:00,18.61,17.5,91.8,1.79,67.0
2025-11-07 20:07:44.774335+01:00,18.5,17.44,92.0,1.34,166.0
2025-11-07 20:12:45.565837+01:00,18.5,17.5,92.0,1.34,112.0
2025-11-07 20:17:46.627088+01:00,18.5,17.5,92.2,1.34,67.0
2025-11-07 20:22:47.284775+01:00,18.5,17.5,92.2,2.68,109.0
2025-11-07 20:27:47.981654+01:00,18.5,17.5,92.3,3.58,22.0
2025-11-07 20:32:48.770388+01:00,18.33,17.56,92.4,2.68,329.0
2025-11-07 20:37:49.549661+01:00,18.33,17.5,92.4,3.58,26.0
2025-11-07 20:42:50.597073+01:00,18.22,17.5,91.8,3.58,351.0
2025-11-07 20:47:51.255080+01:00,18.17,17.5,91.0,4.47,355.0
2025-11-07 20:52:51.877998+01:00,18.17,17.56,90.7,2.24,340.0
2025-11-07 20:57:52.473908+01:00,17.89,17.5,90.3,2.24,355.0
2025-11-07 21:02:53.337738+01:00,17.78,17.44,89.4,3.58,344.0
2025-11-07 21:07:54.177038+01:00,17.72,17.5,88.6,2.24,9.0
2025-11-07 21:12:54.840067+01:00,17.78,17.5,88.2,3.13,11.0
2025-11-07 21:17:55.450167+01:00,17.72,17.56,88.0,3.58,337.0
2025-11-07 21:22:56.301123+01:00,17.72,17.56,87.6,3.58,347.0
2025-11-07 21:27:56.948096+01:00,17.5,17.61,87.3,2.68,339.0
2025-11-07 21:32:57.603078+01:00,17.44,17.61,86.9,3.58,360.0
2025-11-07 21:37:58.218926+01:00,17.44,17.56,86.8,1.79,350.0
2025-11-07 21:42:58.874319+01:00,17.33,17.56,86.3,3.58,349.0
2025-11-07 21:47:59.513533+01:00,17.28,17.56,86.0,3.58,323.0
2025-11-07 21:53:00.229070+01:00,17.17,17.56,86.3,3.58,355.0
2025-11-07 21:58:00.832880+01:00,17.06,17.5,86.5,4.92,22.0
2025-11-07 22:03:01.489965+01:00,17.06,17.44,86.6,3.58,345.0
2025-11-07 22:08:02.141385+01:00,17.0,17.5,86.3,4.92,337.0
2025-11-07 22:13:02.945230+01:00,16.89,17.5,86.3,2.68,350.0
2025-11-07 22:18:03.675456+01:00,16.83,17.44,86.1,1.79,344.0
2025-11-07 22:23:04.324901+01:00,16.83,17.44,85.3,4.47,342.0
2025-11-07 22:28:05.144577+01:00,16.72,17.44,85.2,2.68,333.0
2025-11-07 22:33:05.801927+01:00,16.67,17.39,84.8,1.34,344.0
2025-11-07 22:38:06.574703+01:00,16.67,17.33,84.7,1.34,18.0
2025-11-07 22:43:07.230319+01:00,16.56,17.28,84.4,2.24,337.0
2025-11-07 22:48:07.869476+01:00,16.44,17.33,84.0,5.36,360.0
2025-11-07 22:53:08.530452+01:00,16.44,17.28,84.1,3.13,17.0
2025-11-07 22:58:09.314849+01:00,16.39,17.22,84.3,1.79,333.0
2025-11-07 23:03:09.966580+01:00,16.28,17.22,84.0,2.24,32.0
2025-11-07 23:08:10.661507+01:00,16.28,17.11,84.2,1.34,348.0
2025-11-07 23:13:11.310832+01:00,16.22,17.0,84.3,2.24,13.0
2025-11-07 23:18:11.948999+01:00,16.22,17.0,83.4,2.24,360.0
2025-11-07 23:23:12.653730+01:00,16.11,17.0,83.3,1.34,319.0
2025-11-07 23:28:13.273527+01:00,16.06,16.89,83.1,2.24,337.0
2025-11-07 23:33:13.940074+01:00,15.94,16.78,83.8,1.79,346.0
2025-11-07 23:38:14.580516+01:00,15.94,16.56,84.0,2.68,327.0
2025-11-07 23:43:15.243425+01:00,15.83,16.44,84.3,4.02,360.0
2025-11-07 23:48:15.887956+01:00,15.78,16.44,84.2,4.02,360.0
2025-11-07 23:53:16.554116+01:00,15.78,16.44,84.2,3.58,323.0
2025-11-07 23:58:17.179504+01:00,15.67,16.44,83.9,4.02,40.0
2025-11-08 00:03:17.940022+01:00,15.61,16.39,83.8,2.24,355.0
2025-11-08 00:08:18.601906+01:00,15.5,16.33,83.7,4.47,22.0
2025-11-08 00:13:19.260291+01:00,15.5,16.22,84.0,4.02,355.0
2025-11-08 00:18:19.945452+01:00,15.44,16.06,84.4,3.58,355.0
2025-11-08 00:23:20.591715+01:00,15.33,16.0,84.8,1.34,351.0
2025-11-08 00:28:21.341881+01:00,15.33,15.94,84.8,1.79,330.0
2025-11-08 00:33:22.055590+01:00,15.33,15.83,85.0,1.79,350.0
2025-11-08 00:38:22.668456+01:00,15.28,15.78,85.1,1.34,338.0
2025-11-08 00:43:23.351124+01:00,15.17,15.72,85.3,1.34,352.0
2025-11-08 00:48:24.182173+01:00,15.17,15.67,85.5,1.34,355.0
2025-11-08 00:53:24.896859+01:00,15.11,15.5,85.5,1.34,338.0
2025-11-08 00:58:25.579034+01:00,15.11,15.28,86.0,1.34,5.0
2025-11-08 01:03:26.220122+01:00,15.0,15.06,86.9,1.34,345.0
2025-11-08 01:08:26.918807+01:00,14.94,14.83,87.0,1.34,346.0
2025-11-08 01:13:27.567682+01:00,14.94,14.67,87.6,1.34,360.0
2025-11-08 01:18:28.281003+01:00,14.83,14.61,87.8,1.79,350.0
2025-11-08 01:23:28.997679+01:00,14.83,14.56,87.7,1.34,349.0
2025-11-08 01:28:29.859224+01:00,14.78,14.56,88.1,2.24,342.0
2025-11-08 01:33:30.535725+01:00,14.78,14.5,87.8,2.24,329.0
2025-11-08 01:38:31.117677+01:00,14.67,14.5,87.7,1.79,340.0
2025-11-08 01:43:32.077287+01:00,14.67,14.44,88.0,1.34,340.0
2025-11-08 01:48:32.749065+01:00,14.61,14.5,88.0,1.34,355.0
2025-11-08 01:53:33.554487+01:00,14.61,14.67,87.3,1.79,360.0
2025-11-08 01:58:34.273080+01:00,14.61,14.67,86.3,2.24,347.0
2025-11-08 02:03:35.088412+01:00,14.5,14.44,86.4,1.34,350.0
2025-11-08 02:08:35.852471+01:00,14.5,14.28,86.6,1.34,344.0
2025-11-08 02:13:36.544684+01:00,14.44,14.17,87.0,1.34,360.0
2025-11-08 02:18:37.310573+01:00,14.33,14.06,87.3,1.34,338.0
2025-11-08 02:23:38.152917+01:00,14.33,13.89,87.4,1.34,337.0
2025-11-08 02:28:38.832847+01:00,14.22,13.72,87.9,1.34,360.0
2025-11-08 02:33:39.486365+01:00,14.22,13.67,88.2,1.34,340.0
2025-11-08 02:38:40.218693+01:00,14.22,13.72,88.1,1.79,360.0
2025-11-08 02:43:40.902709+01:00,14.17,13.61,88.0,1.34,5.0
2025-11-08 02:48:41.618492+01:00,14.17,13.67,88.2,1.79,360.0
2025-11-08 02:53:42.317333+01:00,14.06,13.61,88.2,1.79,21.0
2025-11-08 02:58:43.030018+01:00,14.06,13.56,88.4,1.34,5.0
2025-11-08 03:03:43.655271+01:00,14.06,13.5,88.6,1.79,22.0
2025-11-08 03:08:44.293250+01:00,14.0,13.44,88.9,0.89,355.0
2025-11-08 03:13:44.990177+01:00,14.0,13.44,89.1,1.79,333.0
2025-11-08 03:18:45.927742+01:00,14.0,13.33,89.1,1.34,5.0
2025-11-08 03:23:46.574588+01:00,13.89,13.22,89.3,1.79,360.0
2025-11-08 03:28:47.226190+01:00,13.89,13.22,89.6,1.34,355.0
2025-11-08 03:33:47.866822+01:00,13.83,13.17,89.6,1.34,342.0
2025-11-08 03:38:48.526669+01:00,13.83,13.06,89.8,1.79,360.0
2025-11-08 03:43:49.174960+01:00,13.83,12.94,89.9,1.34,360.0
2025-11-08 03:48:49.863935+01:00,13.72,12.72,90.1,1.79,352.0
2025-11-08 03:53:50.565837+01:00,13.72,12.67,90.3,1.34,355.0
2025-11-08 03:58:51.282089+01:00,13.67,12.56,90.8,1.79,22.0
2025-11-08 04:03:51.930360+01:00,13.67,12.61,91.1,0.89,349.0
2025-11-08 04:08:52.577884+01:00,13.67,12.61,91.2,0.89,350.0
2025-11-08 04:13:53.159590+01:00,13.61,12.56,91.1,1.79,360.0
2025-11-08 04:18:53.821989+01:00,13.61,12.33,90.6,1.79,360.0
2025-11-08 04:23:54.591286+01:00,13.5,12.22,91.0,1.34,344.0
2025-11-08 04:28:55.191602+01:00,13.5,12.11,91.0,1.34,17.0
2025-11-08 04:33:55.868502+01:00,13.44,12.06,91.2,1.79,19.0
2025-11-08 04:38:56.555943+01:00,13.44,12.06,91.7,1.34,25.0
2025-11-08 04:43:57.232902+01:00,13.33,12.06,91.9,1.79,22.0
2025-11-08 04:48:56.905452+01:00,13.33,11.89,91.6,1.79,355.0
2025-11-08 04:53:57.620778+01:00,13.33,11.83,91.5,1.34,342.0
2025-11-08 04:58:58.272693+01:00,13.28,11.78,91.6,1.79,360.0
2025-11-08 05:03:58.863977+01:00,13.28,11.67,91.8,1.79,360.0
2025-11-08 05:08:59.541653+01:00,13.28,11.72,92.5,1.79,360.0
2025-11-08 05:14:00.171934+01:00,13.17,11.78,92.2,2.24,360.0
2025-11-08 05:19:00.971153+01:00,13.17,11.72,92.1,1.79,347.0
2025-11-08 05:24:01.846373+01:00,13.17,11.72,92.2,1.79,360.0
2025-11-08 05:29:02.478836+01:00,13.11,11.61,92.1,1.79,349.0
2025-11-08 05:34:03.138690+01:00,13.11,11.61,92.1,0.89,350.0
2025-11-08 05:39:03.781322+01:00,13.11,11.56,92.1,0.89,350.0
2025-11-08 05:44:04.434183+01:00,13.0,11.5,92.0,1.34,350.0
2025-11-08 05:49:05.172722+01:00,13.0,11.44,92.3,0.89,350.0
2025-11-08 05:54:05.799433+01:00,13.0,11.44,92.4,0.89,350.0
2025-11-08 05:59:06.508684+01:00,12.94,11.44,92.3,0.89,350.0
2025-11-08 06:04:07.173389+01:00,12.94,11.39,92.5,0.89,338.0
2025-11-08 06:09:07.816729+01:00,12.94,11.33,92.2,0.89,338.0
2025-11-08 06:14:08.445767+01:00,12.83,11.28,92.2,1.34,337.0
2025-11-08 06:19:09.050792+01:00,12.83,11.22,92.1,0.45,338.0
2025-11-08 06:24:09.759177+01:00,12.83,11.17,92.1,0.89,338.0
2025-11-08 06:29:10.412600+01:00,12.78,11.0,92.2,0.89,338.0
2025-11-08 06:34:11.087139+01:00,12.67,10.94,92.3,0.89,338.0
2025-11-08 06:39:11.728392+01:00,12.67,10.83,92.1,0.45,338.0
2025-11-08 06:44:12.480938+01:00,12.67,10.72,92.4,0.89,338.0
2025-11-08 06:49:13.217036+01:00,12.61,10.72,92.5,0.89,337.0
2025-11-08 06:54:13.897737+01:00,12.61,10.78,92.9,1.34,337.0
2025-11-08 06:59:14.561001+01:00,12.5,10.78,92.8,0.89,338.0
2025-11-08 07:04:15.192450+01:00,12.5,10.78,92.9,1.34,338.0
2025-11-08 07:09:15.807226+01:00,12.5,10.72,92.8,1.34,337.0
2025-11-08 07:14:16.428058+01:00,12.44,10.67,92.7,0.89,355.0
2025-11-08 07:19:17.087124+01:00,12.44,10.67,92.8,0.89,355.0
2025-11-08 07:24:17.722283+01:00,12.44,10.61,92.7,0.89,355.0
2025-11-08 07:29:18.412893+01:00,12.33,10.61,92.8,0.89,355.0
2025-11-08 07:34:19.138758+01:00,12.33,10.67,93.0,0.45,346.0
2025-11-08 07:39:19.707811+01:00,12.33,10.78,93.1,0.89,346.0
2025-11-08 07:44:20.397100+01:00,12.33,11.0,93.5,0.89,355.0
2025-11-08 07:49:21.096781+01:00,12.33,11.17,93.6,0.89,355.0
2025-11-08 07:54:21.714991+01:00,12.33,11.22,93.3,0.89,333.0
2025-11-08 07:59:22.348906+01:00,12.33,11.17,93.0,0.89,344.0
2025-11-08 08:04:23.277207+01:00,12.33,11.17,93.0,0.89,344.0
2025-11-08 08:09:23.849642+01:00,12.33,11.17,93.1,1.34,360.0
2025-11-08 08:14:24.534737+01:00,12.44,11.61,93.5,1.34,350.0
2025-11-08 08:19:25.136466+01:00,12.44,11.5,92.8,1.34,342.0
2025-11-08 08:24:25.691195+01:00,12.44,11.39,92.4,0.89,355.0
2025-11-08 08:25:03.921991+01:00,12.44,11.33,92.6,0.89,355.0
2025-11-08 08:30:04.608857+01:00,12.5,11.78,93.1,3.13,45.0
2025-11-08 08:35:05.229099+01:00,12.5,11.89,92.5,0.89,342.0
2025-11-08 08:40:05.892490+01:00,12.61,11.89,92.2,0.89,355.0
2025-11-08 08:45:06.559508+01:00,12.61,11.94,92.1,0.89,360.0
2025-11-08 08:50:07.467732+01:00,12.67,12.11,92.7,1.34,343.0
2025-11-08 08:55:08.109126+01:00,12.78,12.39,92.6,1.34,15.0
2025-11-08 09:00:08.739645+01:00,12.83,12.61,92.3,1.34,355.0
2025-11-08 09:05:09.411515+01:00,12.94,12.78,92.4,0.89,350.0
2025-11-08 09:10:10.097314+01:00,13.0,13.0,91.8,1.79,338.0
2025-11-08 09:15:10.698879+01:00,13.11,13.28,91.4,1.34,336.0
2025-11-08 09:20:11.342111+01:00,13.17,13.61,90.6,1.79,329.0
2025-11-08 09:25:11.997122+01:00,13.28,14.06,89.5,1.79,341.0
2025-11-08 09:30:12.642703+01:00,13.33,14.61,85.9,2.68,346.0
2025-11-08 09:35:13.438264+01:00,13.44,15.33,81.5,4.02,26.0
2025-11-08 09:40:14.041419+01:00,13.61,15.72,80.8,1.79,332.0
2025-11-08 09:45:14.648808+01:00,13.61,16.0,79.1,4.02,24.0
2025-11-08 09:50:15.333019+01:00,13.67,16.11,78.6,4.02,32.0
2025-11-08 09:55:15.968563+01:00,13.72,16.28,77.4,3.58,20.0
2025-11-08 10:00:16.607981+01:00,13.83,16.33,77.9,2.68,355.0
2025-11-08 10:05:17.206605+01:00,13.89,16.33,78.0,4.02,337.0
2025-11-08 10:10:17.877998+01:00,14.0,16.39,78.8,2.68,350.0
2025-11-08 10:15:18.590030+01:00,14.06,16.39,76.7,3.58,28.0
2025-11-08 10:20:19.391900+01:00,15.78,16.5,75.8,4.02,355.0
2025-11-08 10:25:20.057494+01:00,16.72,16.61,76.5,2.24,21.0
2025-11-08 10:30:20.692513+01:00,17.5,16.78,76.4,4.47,340.0
2025-11-08 10:35:21.280690+01:00,18.33,16.83,76.8,3.58,355.0
2025-11-08 10:40:21.891245+01:00,18.94,16.89,74.8,3.58,25.0
2025-11-08 10:45:22.548707+01:00,19.78,17.0,74.8,1.79,336.0
2025-11-08 10:50:23.173949+01:00,19.94,17.11,73.6,2.24,15.0
2025-11-08 10:55:23.826060+01:00,20.5,17.22,72.5,3.13,17.0
2025-11-08 11:00:24.838802+01:00,20.89,17.28,72.6,4.92,349.0
2025-11-08 11:05:25.386564+01:00,21.28,17.28,70.7,4.47,18.0
2025-11-08 11:10:25.911690+01:00,21.33,17.33,71.1,5.36,360.0
2025-11-08 11:15:27.117180+01:00,21.61,17.44,72.3,5.36,346.0
2025-11-08 11:20:27.791489+01:00,21.56,17.44,72.0,5.81,350.0
2025-11-08 11:25:28.426450+01:00,22.22,17.5,70.7,4.47,355.0
2025-11-08 11:30:29.072641+01:00,22.5,17.61,70.0,4.47,336.0
2025-11-08 11:35:29.663771+01:00,23.56,17.67,68.8,4.02,360.0
2025-11-08 11:40:30.301465+01:00,23.72,17.78,68.4,4.92,19.0
2025-11-08 11:45:30.882734+01:00,25.0,17.89,69.6,5.36,337.0
2025-11-08 11:50:31.657993+01:00,25.39,17.94,68.8,3.58,347.0
2025-11-08 11:55:32.245880+01:00,26.56,18.11,66.8,3.58,355.0
2025-11-08 12:00:32.882912+01:00,26.33,18.17,66.0,4.47,355.0
2025-11-08 12:05:33.514534+01:00,26.94,18.11,65.4,4.02,19.0
2025-11-08 12:10:34.131729+01:00,27.44,18.11,65.8,4.92,355.0
2025-11-08 12:15:34.710217+01:00,27.67,18.28,64.7,5.36,355.0
2025-11-08 12:20:35.338761+01:00,28.78,18.44,63.8,6.26,360.0
2025-11-08 12:25:35.985824+01:00,28.67,18.67,64.2,4.47,331.0
2025-11-08 12:30:36.658337+01:00,29.06,18.83,65.4,4.47,17.0
2025-11-08 12:35:37.374236+01:00,29.39,18.83,64.2,4.47,347.0
2025-11-08 12:40:37.972324+01:00,29.83,18.78,63.0,4.92,337.0
2025-11-08 12:45:38.610117+01:00,30.67,18.89,63.0,4.02,338.0
2025-11-08 12:50:39.242350+01:00,30.39,19.22,63.3,3.58,342.0
2025-11-08 12:55:39.821648+01:00,23.56,19.44,58.5,4.02,348.0
2025-11-08 13:00:40.418316+01:00,22.28,19.56,56.3,4.92,351.0
2025-11-08 13:05:41.053606+01:00,21.56,19.56,56.2,5.81,349.0
2025-11-08 13:10:41.671014+01:00,21.17,19.61,57.8,4.02,355.0
2025-11-08 13:15:42.286392+01:00,20.89,19.67,57.0,5.81,332.0
2025-11-08 13:20:43.064266+01:00,20.72,19.72,56.6,5.81,348.0
2025-11-08 13:25:43.696066+01:00,20.44,19.89,54.6,6.26,342.0
2025-11-08 13:30:44.679488+01:00,20.33,19.78,54.6,5.81,346.0
2025-11-08 13:35:45.292824+01:00,20.22,19.83,56.1,5.81,360.0
2025-11-08 13:40:46.454218+01:00,20.22,19.83,55.3,4.47,348.0
2025-11-08 13:45:47.040116+01:00,20.17,19.89,54.5,5.36,355.0
2025-11-08 13:50:47.631391+01:00,20.17,20.06,56.0,5.36,337.0
2025-11-08 13:55:48.199727+01:00,20.17,20.22,55.5,5.36,360.0
2025-11-08 14:00:48.779202+01:00,19.5,20.28,52.2,5.36,34.0
2025-11-08 14:05:49.375727+01:00,19.67,20.22,54.0,3.13,10.0
2025-11-08 14:10:49.975220+01:00,20.06,20.33,54.8,5.36,360.0
2025-11-08 14:15:50.543748+01:00,19.94,20.33,54.1,5.81,360.0
2025-11-08 14:20:51.133877+01:00,19.67,20.11,54.4,2.68,350.0
2025-11-08 14:25:51.706464+01:00,19.61,19.94,54.9,4.92,348.0
2025-11-08 14:30:52.324147+01:00,19.67,20.06,54.7,4.47,34.0
2025-11-08 14:35:52.874097+01:00,19.67,20.17,54.4,4.02,327.0
2025-11-08 14:40:53.559437+01:00,20.17,20.17,54.7,1.79,350.0
2025-11-08 14:45:54.153645+01:00,20.17,20.44,53.6,4.47,337.0
2025-11-08 14:50:54.876325+01:00,19.78,20.56,52.1,3.58,350.0
2025-11-08 14:55:55.489031+01:00,19.94,20.67,51.6,4.92,360.0
2025-11-08 15:00:56.139000+01:00,21.72,20.56,52.4,3.58,350.0
2025-11-08 15:05:56.764534+01:00,22.22,20.61,52.6,4.02,12.0
2025-11-08 15:10:57.430648+01:00,24.44,20.72,50.8,4.47,24.0
2025-11-08 15:15:58.041182+01:00,23.33,20.56,51.9,3.58,355.0
2025-11-08 15:20:58.690180+01:00,21.61,20.56,52.5,4.02,350.0
2025-11-08 15:25:59.383914+01:00,21.33,20.28,53.6,4.92,360.0
2025-11-08 15:31:00.018328+01:00,23.94,20.22,54.1,4.47,350.0
2025-11-08 15:36:00.797930+01:00,21.33,20.33,54.4,3.58,346.0
2025-11-08 15:41:01.464815+01:00,21.17,20.44,53.8,2.24,336.0
2025-11-08 15:46:02.219896+01:00,20.89,20.39,54.7,5.36,338.0
2025-11-08 15:51:02.879474+01:00,20.44,20.17,54.0,4.92,31.0
2025-11-08 15:56:03.476418+01:00,20.06,20.0,54.0,4.02,12.0
2025-11-08 16:01:04.089951+01:00,19.94,19.89,54.9,4.02,355.0
2025-11-08 16:06:04.692791+01:00,20.22,19.89,55.0,2.68,360.0
2025-11-08 16:11:05.351842+01:00,20.61,19.94,55.7,1.79,10.0
2025-11-08 16:16:05.945065+01:00,20.78,20.06,60.8,4.47,337.0
2025-11-08 16:21:06.740822+01:00,20.44,19.89,61.0,4.47,337.0
2025-11-08 16:26:07.385098+01:00,20.17,19.72,61.0,4.92,355.0
2025-11-08 16:31:08.091123+01:00,20.33,19.67,61.7,4.47,326.0
2025-11-08 16:36:08.752786+01:00,20.5,19.72,61.7,4.92,21.0
2025-11-08 16:41:09.546790+01:00,20.06,19.61,61.7,6.26,345.0
2025-11-08 16:46:10.287072+01:00,19.89,19.67,61.3,4.47,5.0
2025-11-08 16:51:10.908091+01:00,19.61,19.5,60.3,4.92,5.0
2025-11-08 16:56:11.510665+01:00,19.39,19.39,61.0,4.47,349.0
2025-11-08 17:01:12.148396+01:00,19.33,19.28,60.5,5.81,360.0
2025-11-08 17:06:12.842775+01:00,19.11,19.11,59.7,5.36,350.0
2025-11-08 17:11:13.476964+01:00,19.06,19.06,59.5,4.47,9.0
2025-11-08 17:16:14.112531+01:00,18.89,19.0,58.3,6.26,339.0
2025-11-08 17:21:14.779791+01:00,18.78,18.83,59.4,4.47,341.0
2025-11-08 17:26:15.437464+01:00,18.67,18.72,59.8,4.02,355.0
2025-11-08 17:31:16.239558+01:00,18.5,18.56,59.7,4.92,355.0
2025-11-08 17:36:16.857198+01:00,18.44,18.44,60.5,4.47,331.0
2025-11-08 17:41:17.475671+01:00,18.33,18.33,61.0,5.36,360.0
2025-11-08 17:46:18.094965+01:00,18.17,18.22,61.9,4.92,333.0
2025-11-08 17:51:18.836430+01:00,18.06,18.11,62.4,4.92,22.0
2025-11-08 17:56:19.427502+01:00,17.94,18.06,63.2,2.68,346.0
2025-11-08 18:01:20.100930+01:00,17.89,17.89,64.1,4.02,337.0
2025-11-08 18:06:20.748193+01:00,17.72,17.72,65.1,3.58,355.0
2025-11-08 18:11:21.396282+01:00,17.5,17.56,66.0,3.58,325.0
2025-11-08 18:16:22.082670+01:00,17.44,17.44,66.8,4.02,333.0
2025-11-08 18:21:22.992832+01:00,17.28,17.22,67.8,4.02,343.0
2025-11-08 18:26:23.643206+01:00,17.17,17.17,68.5,4.47,360.0
2025-11-08 18:31:24.252048+01:00,17.06,17.06,69.2,4.47,360.0
2025-11-08 18:36:24.968920+01:00,17.0,16.83,70.0,4.02,5.0
2025-11-08 18:41:26.206513+01:00,16.83,16.72,71.0,4.47,337.0
2025-11-08 18:46:26.824917+01:00,16.72,16.56,71.7,3.58,336.0
2025-11-08 18:51:27.507507+01:00,16.67,16.5,73.0,4.92,360.0
2025-11-08 18:56:28.157685+01:00,16.56,16.39,73.5,4.92,360.0
2025-11-08 19:01:28.775621+01:00,16.44,16.28,74.2,4.47,340.0
2025-11-08 19:06:29.369756+01:00,16.39,16.17,74.9,4.02,355.0
2025-11-08 19:11:29.936948+01:00,16.28,16.06,75.2,4.92,355.0
2025-11-08 19:16:30.550059+01:00,16.22,16.06,75.5,3.58,344.0
2025-11-08 19:21:31.119478+01:00,16.11,16.06,75.7,4.02,351.0
2025-11-08 19:26:32.253988+01:00,16.06,16.06,76.0,2.68,332.0
2025-11-08 19:31:33.017362+01:00,16.06,15.94,76.6,3.58,346.0
2025-11-08 19:36:34.054313+01:00,15.94,15.94,76.9,4.02,350.0
2025-11-08 19:41:34.711665+01:00,15.83,15.83,77.2,4.02,360.0
2025-11-08 19:46:35.305456+01:00,15.83,15.72,77.4,4.47,360.0
2025-11-08 19:51:35.919203+01:00,15.83,15.78,77.7,4.92,338.0
2025-11-08 19:56:36.547696+01:00,15.78,15.83,77.6,4.92,355.0
2025-11-08 20:01:37.151850+01:00,15.78,15.83,77.9,5.36,345.0
2025-11-08 20:06:38.010264+01:00,15.67,15.83,78.0,4.47,5.0
2025-11-08 20:11:38.677575+01:00,15.67,15.83,78.1,4.47,355.0
2025-11-08 20:16:39.372179+01:00,15.61,15.89,77.9,6.26,360.0
2025-11-08 20:21:40.017840+01:00,15.67,15.83,78.0,4.02,329.0
2025-11-08 20:26:40.688118+01:00,15.61,15.78,78.4,4.92,343.0
2025-11-08 20:31:41.333878+01:00,15.61,15.67,78.8,4.47,330.0
2025-11-08 20:36:41.997175+01:00,15.5,15.67,78.8,4.92,346.0
2025-11-08 20:41:43.285931+01:00,15.5,15.67,78.8,3.58,350.0
2025-11-08 20:46:43.895152+01:00,15.44,15.61,78.9,4.02,344.0
2025-11-08 20:51:44.761421+01:00,15.33,15.56,79.2,3.58,350.0
2025-11-08 20:56:45.467959+01:00,15.33,15.61,79.4,4.02,343.0
2025-11-08 21:01:46.198867+01:00,15.33,15.56,79.6,4.47,355.0
2025-11-08 21:06:46.850629+01:00,15.28,15.5,79.6,3.13,16.0
2025-11-08 21:11:47.538310+01:00,15.28,15.39,80.2,4.02,350.0
2025-11-08 21:16:48.142037+01:00,15.28,15.44,80.1,4.47,352.0
2025-11-08 21:21:48.761656+01:00,15.17,15.56,79.6,3.58,5.0
2025-11-08 21:26:49.412394+01:00,15.17,15.5,79.7,4.02,360.0
2025-11-08 21:31:50.082030+01:00,15.11,15.44,79.6,4.47,336.0
2025-11-08 21:36:50.871764+01:00,14.94,15.06,80.4,3.13,11.0
2025-11-08 21:41:51.472370+01:00,14.94,14.56,81.4,3.58,325.0
2025-11-08 21:46:52.174349+01:00,14.83,14.33,82.7,3.58,334.0
2025-11-08 21:51:52.850377+01:00,14.78,14.11,83.4,2.24,326.0
2025-11-08 21:56:53.454200+01:00,14.67,14.11,83.6,2.24,28.0
2025-11-08 22:01:54.153647+01:00,14.61,13.89,83.8,2.68,360.0
2025-11-08 22:06:54.807390+01:00,14.61,13.56,84.3,3.58,337.0
2025-11-08 22:11:55.493203+01:00,14.5,13.39,85.8,3.58,333.0
2025-11-08 22:16:56.140659+01:00,14.44,13.44,85.7,4.02,333.0
2025-11-08 22:21:56.840505+01:00,14.44,13.44,85.4,2.24,341.0
2025-11-08 22:26:57.523606+01:00,14.33,13.39,85.7,1.79,335.0
2025-11-08 22:31:58.218069+01:00,14.33,13.44,86.1,1.34,338.0
2025-11-08 22:36:58.864688+01:00,14.33,13.61,85.8,1.79,346.0
2025-11-08 22:41:59.628283+01:00,14.33,13.72,85.3,0.89,344.0
2025-11-08 22:47:00.339153+01:00,14.33,13.78,84.9,1.34,344.0
2025-11-08 22:52:01.024718+01:00,14.22,13.78,84.5,1.34,337.0
2025-11-08 22:57:01.632638+01:00,14.22,13.72,84.5,1.34,360.0
2025-11-08 23:02:02.369341+01:00,14.22,13.67,84.6,1.34,342.0
2025-11-08 23:07:03.101667+01:00,14.17,13.61,84.6,1.34,337.0
2025-11-08 23:12:03.772816+01:00,14.17,13.56,84.6,1.34,340.0
2025-11-08 23:17:04.465954+01:00,12.83,13.61,84.2,1.79,22.0
2025-11-08 23:22:05.113298+01:00,12.67,13.56,84.2,1.34,346.0
2025-11-08 23:27:05.798343+01:00,12.67,13.56,83.9,1.79,343.0
2025-11-08 23:32:06.411642+01:00,12.5,13.44,84.4,1.79,360.0
2025-11-08 23:37:07.058942+01:00,12.44,13.33,84.3,0.89,348.0
2025-11-08 23:42:07.693936+01:00,12.44,13.28,84.3,1.34,5.0
2025-11-08 23:47:08.290213+01:00,12.44,13.28,84.2,0.89,10.0
2025-11-08 23:52:08.878259+01:00,12.5,13.28,83.7,1.79,348.0
2025-11-08 23:57:09.509297+01:00,12.44,13.11,84.2,1.34,347.0
2025-11-09 00:02:10.146898+01:00,12.44,12.94,84.5,1.34,346.0
2025-11-09 00:07:10.834611+01:00,12.44,12.94,84.5,1.34,360.0
2025-11-09 00:12:11.500096+01:00,12.28,12.94,84.3,1.34,355.0
2025-11-09 00:17:12.072593+01:00,12.0,12.83,84.2,1.34,344.0
2025-11-09 00:22:12.793484+01:00,12.0,12.78,84.7,0.89,351.0
2025-11-09 00:27:13.516957+01:00,12.17,12.78,84.9,0.89,360.0
2025-11-09 00:32:14.182964+01:00,12.17,12.72,84.7,1.34,347.0
2025-11-09 00:37:14.873775+01:00,12.28,12.44,84.6,1.79,348.0
2025-11-09 00:42:15.500818+01:00,12.11,12.28,85.3,1.34,344.0
2025-11-09 00:47:16.103470+01:00,12.11,12.22,85.8,1.34,333.0
2025-11-09 00:52:16.806802+01:00,11.94,12.17,85.7,1.34,344.0
2025-11-09 00:57:17.443552+01:00,11.83,12.06,85.9,1.34,355.0
2025-11-09 01:02:18.176400+01:00,11.78,11.94,85.8,0.89,344.0
2025-11-09 01:07:18.844842+01:00,11.72,11.78,86.0,1.79,360.0
2025-11-09 01:12:19.537303+01:00,11.44,11.72,86.6,0.89,360.0
2025-11-09 01:17:20.218469+01:00,11.11,11.67,86.6,0.45,360.0
2025-11-09 01:22:20.958493+01:00,11.39,11.61,86.1,1.79,348.0
2025-11-09 01:27:21.610164+01:00,11.28,11.44,86.7,0.89,355.0
2025-11-09 01:32:22.260842+01:00,11.28,11.39,87.0,0.89,355.0
2025-11-09 01:37:22.916389+01:00,11.44,11.28,87.1,0.89,360.0
2025-11-09 01:42:23.592771+01:00,11.39,11.33,87.6,0.89,360.0
2025-11-09 01:47:24.237298+01:00,11.39,11.28,87.5,1.34,5.0
2025-11-09 01:52:25.050537+01:00,11.06,11.28,87.7,0.45,5.0
2025-11-09 01:57:25.687701+01:00,10.89,11.28,87.7,,
2025-11-09 02:02:26.389505+01:00,11.22,11.33,87.4,0.89,5.0
2025-11-09 02:07:27.130854+01:00,11.22,11.28,87.1,1.34,360.0
2025-11-09 02:12:27.818287+01:00,10.89,11.22,87.3,0.45,355.0
2025-11-09 02:17:28.484114+01:00,10.72,11.28,88.0,,
2025-11-09 02:22:29.106308+01:00,11.11,11.17,87.0,1.34,346.0
2025-11-09 02:27:29.795971+01:00,11.06,11.17,87.6,0.89,341.0
2025-11-09 02:32:30.456871+01:00,10.61,11.17,87.5,0.45,341.0
2025-11-09 02:37:31.181302+01:00,10.56,11.28,87.8,,
2025-11-09 02:42:31.877722+01:00,11.28,11.44,88.4,0.89,341.0
2025-11-09 02:47:32.576787+01:00,11.44,11.44,86.7,1.34,5.0
2025-11-09 02:52:33.269056+01:00,11.06,11.22,86.3,1.34,360.0
2025-11-09 02:57:33.926821+01:00,10.78,11.17,87.0,0.89,360.0
2025-11-09 03:02:34.625010+01:00,10.61,11.17,87.6,,
2025-11-09 03:07:35.410479+01:00,10.56,11.33,87.9,0.45,360.0
2025-11-09 03:12:36.013140+01:00,10.78,11.39,87.2,0.45,360.0
2025-11-09 03:17:36.665143+01:00,10.61,11.33,86.3,,
2025-11-09 03:22:37.326271+01:00,11.06,11.28,86.3,0.89,360.0
2025-11-09 03:27:37.996791+01:00,10.61,11.22,86.4,,
2025-11-09 03:32:38.619791+01:00,10.39,11.17,86.5,,
2025-11-09 03:37:39.396035+01:00,10.61,11.06,85.6,0.89,360.0
2025-11-09 03:42:40.098312+01:00,10.78,10.83,86.3,0.89,360.0
2025-11-09 03:47:40.801496+01:00,10.89,10.67,87.0,1.34,360.0
2025-11-09 03:52:41.471244+01:00,10.72,10.5,87.3,0.89,360.0
2025-11-09 03:57:42.136536+01:00,10.44,10.44,87.8,0.45,360.0
2025-11-09 04:02:42.860208+01:00,10.78,10.44,87.8,1.34,355.0
2025-11-09 04:07:43.500416+01:00,10.61,10.33,87.2,0.89,338.0
2025-11-09 04:12:44.090976+01:00,10.56,10.33,87.7,1.34,338.0
2025-11-09 04:17:44.769146+01:00,10.56,10.28,87.7,0.89,343.0
2025-11-09 04:22:45.518303+01:00,10.11,10.22,88.0,0.45,343.0
2025-11-09 04:27:46.157120+01:00,10.61,10.17,88.1,1.34,343.0
2025-11-09 04:32:46.816330+01:00,10.56,10.17,88.0,0.89,355.0
2025-11-09 04:37:47.482995+01:00,10.39,10.06,88.1,0.89,355.0
2025-11-09 04:42:48.176836+01:00,10.56,10.11,88.0,0.89,355.0
2025-11-09 04:47:48.791943+01:00,10.44,10.11,87.8,0.89,355.0
2025-11-09 04:52:49.330029+01:00,10.22,10.06,87.9,0.45,355.0
2025-11-09 04:57:50.003440+01:00,10.39,10.0,87.7,1.34,350.0
2025-11-09 05:02:50.703167+01:00,10.39,9.94,87.9,1.34,360.0
2025-11-09 05:07:51.465015+01:00,10.39,9.94,87.8,0.89,352.0
2025-11-09 05:12:52.089217+01:00,10.22,9.83,87.8,0.89,352.0
2025-11-09 05:17:52.785948+01:00,10.39,9.83,88.2,1.79,349.0
2025-11-09 05:22:53.406444+01:00,10.22,9.78,88.0,0.89,348.0
2025-11-09 05:27:54.051870+01:00,10.22,9.78,88.2,0.89,348.0
2025-11-09 05:32:54.813395+01:00,10.22,9.78,88.4,0.89,360.0
2025-11-09 05:37:55.500092+01:00,10.06,9.72,88.2,0.89,348.0
2025-11-09 05:42:56.173628+01:00,9.78,9.72,88.2,0.89,360.0
2025-11-09 05:47:56.793721+01:00,9.94,9.78,88.3,0.89,348.0
2025-11-09 05:52:57.861487+01:00,10.06,9.67,88.0,1.34,360.0
2025-11-09 05:57:58.524079+01:00,10.28,9.67,88.2,0.89,348.0
2025-11-09 06:02:59.231405+01:00,10.39,9.61,87.9,1.34,348.0
2025-11-09 06:07:59.893235+01:00,9.78,9.5,88.2,0.45,5.0
2025-11-09 06:13:00.546865+01:00,10.06,9.56,88.7,0.89,5.0
2025-11-09 06:18:01.207502+01:00,10.22,9.67,88.4,0.89,360.0
2025-11-09 06:23:01.842948+01:00,10.28,9.61,88.1,0.89,5.0
2025-11-09 06:28:02.507647+01:00,10.28,9.56,87.8,1.34,355.0
2025-11-09 06:33:03.184315+01:00,9.94,9.5,88.3,0.89,345.0
2025-11-09 06:38:03.997908+01:00,9.89,9.56,88.8,0.45,345.0
2025-11-09 06:43:04.679697+01:00,10.22,9.56,88.3,0.89,345.0
2025-11-09 06:48:05.298205+01:00,10.06,9.39,87.9,1.34,360.0
2025-11-09 06:53:05.970685+01:00,10.11,9.44,88.7,0.89,345.0
2025-11-09 06:58:06.639798+01:00,10.06,9.39,88.5,0.89,341.0
2025-11-09 07:03:07.348818+01:00,10.11,9.39,88.5,1.34,337.0
2025-11-09 07:08:07.989220+01:00,9.67,9.39,88.5,,
2025-11-09 07:13:08.635925+01:00,10.06,9.39,88.8,0.89,341.0
2025-11-09 07:18:09.300700+01:00,9.94,9.39,88.4,0.89,337.0
2025-11-09 07:23:10.223915+01:00,9.89,9.33,88.5,0.89,341.0
2025-11-09 07:28:10.931925+01:00,9.89,9.33,89.0,0.89,341.0
2025-11-09 07:33:11.623061+01:00,9.94,9.33,88.7,0.89,341.0
2025-11-09 07:38:12.356239+01:00,9.56,9.33,88.6,0.45,341.0
2025-11-09 07:43:13.058437+01:00,9.94,9.39,89.0,0.89,341.0
2025-11-09 07:48:13.748290+01:00,9.94,9.39,88.5,0.89,355.0
2025-11-09 07:53:14.456157+01:00,9.94,9.39,88.7,1.34,355.0
2025-11-09 07:58:15.088212+01:00,9.89,9.33,88.5,1.79,337.0
2025-11-09 08:03:15.771197+01:00,9.72,9.33,88.6,0.45,351.0
2025-11-09 08:08:16.754925+01:00,9.94,9.33,88.5,0.89,351.0
2025-11-09 08:13:17.402046+01:00,9.72,9.33,88.3,0.89,351.0
2025-11-09 08:18:18.116378+01:00,9.72,9.28,88.7,0.45,351.0
2025-11-09 08:23:18.722745+01:00,10.06,9.33,88.7,0.89,339.0
2025-11-09 08:28:19.299242+01:00,10.06,9.44,88.8,0.89,9.0
2025-11-09 08:33:19.972152+01:00,10.39,9.44,88.8,0.89,340.0
2025-11-09 08:38:20.732685+01:00,10.44,9.44,88.4,1.34,340.0
2025-11-09 08:43:21.371348+01:00,10.72,9.44,88.7,0.45,342.0
2025-11-09 08:48:22.041944+01:00,10.89,9.56,89.0,0.89,342.0
2025-11-09 08:53:22.971288+01:00,10.94,9.61,89.1,1.79,215.0
2025-11-09 08:58:23.691943+01:00,11.22,9.83,88.9,0.45,230.0
2025-11-09 09:03:24.321542+01:00,11.56,9.94,88.9,,
2025-11-09 09:08:24.968840+01:00,11.72,10.11,88.5,,
2025-11-09 09:13:25.606310+01:00,11.94,10.28,88.5,0.0,0.0
2025-11-09 09:18:26.241943+01:00,12.11,10.44,88.1,0.0,0.0
2025-11-09 09:23:26.858581+01:00,12.28,10.56,88.1,0.0,0.0
2025-11-09 09:28:27.493935+01:00,12.33,10.78,87.9,0.0,0.0
2025-11-09 09:33:28.232345+01:00,12.61,10.94,87.6,0.0,0.0
2025-11-09 09:38:28.957373+01:00,12.94,11.17,87.3,0.89,350.0
2025-11-09 09:43:29.679767+01:00,13.28,11.39,87.0,0.45,344.0
2025-11-09 09:48:30.268028+01:00,13.67,11.78,85.8,0.89,333.0
2025-11-09 09:53:31.241796+01:00,14.44,12.22,85.0,0.45,334.0
2025-11-09 09:58:31.913700+01:00,15.0,12.67,83.8,0.45,334.0
2025-11-09 10:03:32.551748+01:00,15.61,13.06,82.2,0.45,334.0
2025-11-09 10:08:33.214663+01:00,16.11,13.44,81.0,0.45,337.0
2025-11-09 10:13:33.850815+01:00,16.56,13.78,79.8,0.45,337.0
2025-11-09 10:18:34.415453+01:00,17.94,14.06,77.9,0.45,330.0
2025-11-09 10:23:35.209726+01:00,19.94,14.44,76.4,0.45,337.0
2025-11-09 10:28:35.826529+01:00,20.17,14.78,75.2,0.45,330.0
2025-11-09 10:33:36.525578+01:00,22.78,15.06,73.5,0.45,330.0
2025-11-09 10:38:37.173367+01:00,22.5,15.39,71.8,0.45,330.0
2025-11-09 10:43:37.785502+01:00,23.94,15.72,70.4,0.45,337.0
2025-11-09 10:48:38.502321+01:00,25.72,16.17,69.5,0.45,270.0
2025-11-09 10:53:39.126846+01:00,26.83,16.56,66.6,0.45,157.0
2025-11-09 10:58:39.747272+01:00,24.89,16.78,64.9,0.89,38.0
2025-11-09 11:03:40.419650+01:00,26.0,16.83,65.0,0.89,360.0
2025-11-09 11:08:41.366482+01:00,26.94,17.0,64.7,1.34,22.0
2025-11-09 11:13:42.010899+01:00,24.89,17.17,62.8,1.34,344.0
2025-11-09 11:18:42.704802+01:00,26.11,17.22,62.1,0.89,19.0
2025-11-09 11:23:43.409239+01:00,25.83,17.39,61.7,1.79,45.0
2025-11-09 11:28:44.002280+01:00,27.33,17.5,61.0,0.89,115.0
2025-11-09 11:33:44.604010+01:00,28.22,17.72,60.8,1.34,5.0
2025-11-09 11:38:45.242226+01:00,29.61,17.83,60.2,1.34,337.0
2025-11-09 11:43:45.894639+01:00,28.89,17.89,59.1,0.45,17.0
2025-11-09 11:48:46.488825+01:00,28.11,18.06,59.2,2.24,46.0
2025-11-09 11:53:47.341422+01:00,27.17,18.22,58.0,2.24,360.0
2025-11-09 11:58:48.119470+01:00,27.78,18.33,57.9,1.79,346.0
2025-11-09 12:03:48.772538+01:00,27.89,18.39,57.3,2.68,26.0
2025-11-09 12:08:49.756574+01:00,30.39,18.44,56.9,0.89,298.0
2025-11-09 12:13:50.406825+01:00,31.33,18.61,56.2,1.34,298.0
2025-11-09 12:18:51.510016+01:00,29.72,18.94,55.0,2.24,35.0
2025-11-09 12:23:52.464740+01:00,29.5,19.11,53.9,3.13,252.0
2025-11-09 12:28:53.098059+01:00,30.17,19.28,54.4,1.79,222.0
2025-11-09 12:33:53.816381+01:00,28.94,19.56,52.2,2.24,203.0
2025-11-09 12:38:54.610868+01:00,27.28,19.78,51.8,2.68,219.0
2025-11-09 12:43:55.193989+01:00,24.22,19.72,51.7,1.34,51.0
2025-11-09 12:48:55.832586+01:00,23.67,19.44,52.6,2.24,135.0
2025-11-09 12:53:56.428176+01:00,23.28,19.39,54.8,2.24,22.0
2025-11-13 11:09:09.563006+01:00,19.33,19.61,70.3,0.89,90.0
2025-11-13 11:09:11.311931+01:00,19.33,19.61,70.3,0.89,90.0
2025-11-13 11:14:11.872602+01:00,19.39,19.89,69.4,1.34,337.0
2025-11-13 11:19:12.490104+01:00,19.5,20.0,69.2,0.45,9.0
2025-11-13 11:24:13.092809+01:00,19.5,20.11,69.3,0.89,26.0
2025-11-13 11:29:13.691526+01:00,19.94,20.33,69.4,1.34,15.0
2025-11-13 11:34:14.329657+01:00,20.17,20.5,68.8,0.45,11.0
2025-11-13 11:39:14.964678+01:00,20.22,20.61,68.9,0.89,57.0
2025-11-13 11:44:15.553494+01:00,20.22,20.67,68.6,0.89,202.0
2025-11-13 11:49:16.169122+01:00,20.06,20.72,68.8,0.45,243.0
2025-11-13 11:54:16.825620+01:00,19.94,20.67,69.2,0.89,247.0
2025-11-13 11:59:17.427290+01:00,20.06,20.61,69.8,0.89,225.0
2025-11-13 12:04:18.060624+01:00,19.94,20.5,70.2,0.89,202.0
2025-11-13 12:09:18.650876+01:00,19.94,20.44,70.4,0.89,137.0
2025-11-13 12:14:19.211937+01:00,19.78,20.39,70.9,0.89,200.0
2025-11-13 12:19:19.781992+01:00,19.89,20.44,70.9,0.45,184.0
2025-11-13 12:24:20.402550+01:00,19.94,20.56,71.2,1.34,86.0
2025-11-13 12:29:20.972930+01:00,20.17,20.61,71.6,0.45,75.0
2025-11-13 12:34:22.301160+01:00,20.22,20.89,70.9,1.34,62.0
2025-11-13 12:39:22.927612+01:00,20.33,21.39,70.1,0.89,11.0
2025-11-13 12:44:23.563761+01:00,20.17,21.83,68.8,1.34,195.0
2025-11-13 12:49:24.187938+01:00,19.89,22.06,67.7,1.79,69.0
2025-11-13 12:54:24.754968+01:00,19.78,22.11,67.2,2.24,75.0
2025-11-13 12:59:25.345097+01:00,19.94,22.0,68.0,1.79,38.0
2025-11-13 13:04:25.938849+01:00,19.78,22.0,67.6,1.34,113.0
2025-11-13 13:09:26.657779+01:00,19.78,21.72,68.1,1.79,67.0
2025-11-13 13:14:27.281045+01:00,19.61,21.61,68.9,1.34,123.0
2025-11-13 13:19:27.850730+01:00,19.67,21.56,68.3,1.34,96.0
2025-11-13 13:24:28.491916+01:00,19.78,21.5,68.7,1.79,112.0
2025-11-13 13:29:29.100397+01:00,19.78,21.5,68.8,1.79,67.0
2025-11-13 13:34:29.713941+01:00,19.78,21.44,69.3,2.24,67.0
2025-11-13 13:39:30.360180+01:00,20.06,21.56,68.9,1.34,80.0
2025-11-13 13:44:30.915610+01:00,19.94,21.72,68.3,1.34,78.0
2025-11-13 13:49:31.544507+01:00,20.06,21.67,68.4,2.24,205.0
2025-11-13 13:54:32.142869+01:00,20.17,21.72,68.4,1.34,113.0
2025-11-13 13:59:32.726634+01:00,20.17,21.78,67.9,1.34,175.0
2025-11-13 14:04:33.318455+01:00,20.22,21.67,68.0,1.34,67.0
2025-11-13 14:09:33.953216+01:00,20.33,21.67,68.1,1.79,95.0
2025-11-13 14:14:34.586747+01:00,20.33,21.78,68.1,1.34,92.0
2025-11-13 14:19:35.266981+01:00,20.33,21.72,67.5,2.68,108.0
2025-11-13 14:24:35.927238+01:00,20.22,21.61,67.9,1.79,123.0
2025-11-13 14:29:36.586670+01:00,20.33,21.61,67.9,0.89,55.0
2025-11-13 14:34:37.226035+01:00,20.22,21.72,67.7,1.34,93.0
2025-11-13 14:39:37.844580+01:00,20.5,21.83,66.9,1.34,112.0
2025-11-13 14:44:38.480512+01:00,20.22,21.78,67.0,2.68,99.0
2025-11-13 14:49:39.110461+01:00,20.17,21.67,67.5,1.79,98.0
2025-11-13 14:54:39.817065+01:00,20.17,21.72,67.3,2.68,92.0
2025-11-13 14:59:40.445194+01:00,20.44,21.83,66.8,1.79,70.0
2025-11-13 15:04:41.113459+01:00,20.61,21.94,66.9,1.34,54.0
2025-11-13 15:09:41.740475+01:00,20.78,22.22,65.9,1.79,56.0
2025-11-13 15:14:42.424791+01:00,20.72,22.17,66.5,2.68,90.0
2025-11-13 15:19:43.000271+01:00,20.5,22.17,66.9,1.79,86.0
2025-11-13 15:24:43.633455+01:00,20.44,22.06,66.4,1.34,58.0
2025-11-13 15:29:44.251741+01:00,20.17,21.89,67.0,0.89,107.0
2025-11-13 15:34:44.919554+01:00,20.06,21.61,67.7,2.24,180.0
2025-11-13 15:39:45.635840+01:00,19.94,21.33,68.7,1.79,106.0
2025-11-13 15:44:46.682378+01:00,19.94,21.22,69.4,0.89,91.0
2025-11-13 15:49:47.284705+01:00,20.06,21.11,69.5,2.24,67.0
2025-11-13 15:54:47.925500+01:00,20.17,20.94,70.0,1.79,74.0
2025-11-13 15:59:48.566700+01:00,20.33,20.83,70.4,0.89,92.0
2025-11-13 16:04:49.196022+01:00,20.22,20.78,70.0,1.34,87.0
2025-11-13 16:09:49.806373+01:00,20.33,20.67,70.0,2.24,76.0
2025-11-13 16:14:50.344974+01:00,20.33,20.61,70.0,1.79,11.0
2025-11-13 16:19:50.948807+01:00,20.44,20.56,69.8,3.13,119.0
2025-11-13 16:24:51.575976+01:00,20.22,20.5,69.8,1.34,84.0
2025-11-13 16:29:52.248694+01:00,20.17,20.39,69.8,2.24,54.0
2025-11-13 16:34:52.887166+01:00,20.06,20.33,70.4,2.68,95.0
2025-11-13 16:39:53.482737+01:00,19.94,20.28,71.0,0.89,67.0
2025-11-13 16:44:54.060855+01:00,19.94,20.17,71.4,1.79,90.0
2025-11-13 16:49:54.638405+01:00,19.89,20.11,71.8,0.89,100.0
2025-11-13 16:54:55.265660+01:00,19.78,20.06,72.1,1.34,90.0
2025-11-13 16:59:55.838266+01:00,19.78,19.94,72.8,2.68,109.0
2025-11-13 17:04:56.520773+01:00,19.67,19.83,73.2,1.79,96.0
2025-11-13 17:09:57.299992+01:00,19.67,19.72,73.3,2.68,109.0
2025-11-13 17:14:57.963042+01:00,19.61,19.67,73.9,0.89,84.0
2025-11-13 17:19:58.611616+01:00,19.5,19.56,74.5,1.79,161.0
2025-11-13 17:24:59.265107+01:00,19.5,19.44,75.1,1.79,103.0
2025-11-13 17:29:59.973304+01:00,19.5,19.44,75.2,1.34,97.0
2025-11-13 17:35:00.581331+01:00,19.39,19.39,75.3,0.89,109.0
2025-11-13 17:40:01.265211+01:00,19.33,19.39,75.8,0.89,157.0
2025-11-13 17:45:01.940098+01:00,19.39,19.33,76.1,0.45,47.0
2025-11-13 17:50:02.652534+01:00,19.33,19.33,76.5,0.45,105.0
2025-11-13 17:55:03.486018+01:00,19.33,19.28,77.1,1.34,90.0
2025-11-13 18:00:04.166406+01:00,19.33,19.28,77.6,1.34,45.0
2025-11-13 18:05:05.494890+01:00,19.22,19.22,77.6,0.45,94.0
2025-11-13 18:10:06.191357+01:00,19.33,19.17,77.9,0.89,83.0
2025-11-13 20:28:14.682298+01:00,18.67,18.5,88.0,0.45,89.0
2025-11-14 08:21:58.681441+01:00,18.06,16.17,86.0,0.89,82.0
2025-11-14 08:26:59.316797+01:00,18.06,16.22,85.0,0.89,211.0
2025-11-14 08:31:59.949554+01:00,18.17,16.28,84.3,1.34,247.0
2025-11-14 08:37:00.515420+01:00,18.22,16.39,83.8,0.89,263.0
2025-11-14 08:42:01.121922+01:00,18.17,16.5,82.7,1.34,227.0
2025-11-14 08:47:01.762325+01:00,18.06,16.61,82.5,1.34,236.0
2025-11-14 08:52:02.394604+01:00,18.06,16.72,82.8,1.79,244.0
2025-11-14 08:57:03.003258+01:00,17.89,16.83,83.2,1.34,248.0
2025-11-14 09:02:03.705662+01:00,17.61,16.83,82.7,1.34,277.0
2025-11-14 09:07:04.464334+01:00,17.78,16.89,82.8,1.79,270.0
2025-11-14 09:12:05.091708+01:00,18.94,16.94,81.9,0.45,204.0
2025-11-14 09:17:05.724219+01:00,17.44,17.22,79.8,1.79,230.0
2025-11-14 09:22:06.384019+01:00,17.44,17.56,78.3,1.34,258.0
2025-11-14 09:27:07.028802+01:00,17.5,17.83,76.7,0.45,242.0
2025-11-14 09:32:07.669809+01:00,17.61,18.11,74.2,0.89,245.0
2025-11-14 09:37:08.287257+01:00,17.72,18.39,73.9,1.34,221.0
2025-11-14 09:42:08.972738+01:00,17.72,18.56,73.6,0.89,159.0
2025-11-14 09:47:09.678980+01:00,17.72,18.61,73.3,0.45,192.0
2025-11-14 09:52:10.371769+01:00,17.89,18.78,72.4,0.89,256.0
2025-11-14 09:57:11.067256+01:00,18.06,18.89,72.3,0.89,254.0
2025-11-14 10:02:11.768845+01:00,18.06,18.94,72.6,1.34,247.0
2025-11-14 10:07:12.438551+01:00,18.06,18.89,71.0,2.68,258.0
2025-11-14 10:12:13.040223+01:00,18.06,18.89,70.8,0.89,238.0
2025-11-14 10:17:13.736277+01:00,18.17,18.94,70.2,1.34,257.0
2025-11-14 10:22:14.376777+01:00,18.22,19.06,69.8,0.89,207.0
2025-11-14 10:27:15.008081+01:00,18.44,19.11,69.0,1.34,251.0
2025-11-14 10:32:15.634980+01:00,18.5,19.28,68.1,1.34,295.0
2025-11-14 10:37:16.285103+01:00,18.67,19.39,67.6,1.34,238.0
2025-11-14 10:42:16.999433+01:00,18.78,19.67,66.2,1.79,270.0
2025-11-14 10:47:17.587401+01:00,18.78,19.78,65.7,1.79,238.0
2025-11-14 10:52:18.196693+01:00,18.89,19.78,65.2,3.58,254.0
2025-11-14 10:57:18.828936+01:00,18.94,19.72,65.3,1.79,280.0
2025-11-14 11:02:19.500583+01:00,19.06,19.78,65.7,0.89,346.0
2025-11-14 11:07:20.217723+01:00,19.33,20.22,64.6,1.34,196.0
2025-11-14 11:12:20.916372+01:00,19.5,20.72,62.7,0.89,172.0
2025-11-14 11:17:21.493771+01:00,19.39,21.17,61.4,1.79,171.0
2025-11-14 11:22:22.232878+01:00,19.67,21.22,60.4,2.24,315.0
2025-11-14 11:27:22.865920+01:00,19.78,21.17,60.4,0.89,11.0
2025-11-14 11:32:23.559007+01:00,19.89,21.06,60.0,2.68,263.0
2025-11-14 11:37:24.167075+01:00,19.89,20.94,60.0,2.24,213.0
2025-11-14 11:42:24.805594+01:00,20.06,20.94,59.4,2.24,235.0
2025-11-14 11:47:25.400618+01:00,20.06,21.0,59.0,2.68,274.0
2025-11-14 11:52:26.019259+01:00,20.22,20.94,58.8,1.79,250.0
2025-11-14 11:57:26.691432+01:00,20.22,21.06,57.9,4.02,239.0
2025-11-14 12:02:27.339350+01:00,20.17,21.28,57.1,3.58,284.0
2025-11-14 12:07:28.085176+01:00,20.17,21.5,55.9,4.47,268.0
2025-11-14 12:12:28.651667+01:00,20.33,21.61,55.8,2.24,171.0
2025-11-14 12:17:29.313763+01:00,20.5,21.44,56.2,2.68,262.0
2025-11-14 12:22:29.957621+01:00,20.61,21.33,56.3,2.68,175.0
2025-11-14 12:27:30.562398+01:00,20.61,21.39,56.9,2.24,168.0
2025-11-14 12:32:31.201115+01:00,20.72,21.44,56.5,2.24,157.0
2025-11-14 12:37:32.321275+01:00,20.89,21.67,56.6,2.68,157.0
2025-11-14 12:42:32.956901+01:00,20.89,21.89,56.4,1.34,157.0
2025-11-14 12:47:33.675872+01:00,20.78,22.28,54.9,3.58,243.0
2025-11-14 12:52:34.412721+01:00,20.89,22.33,52.6,3.58,225.0
2025-11-14 12:57:35.062127+01:00,21.17,22.22,52.8,2.68,228.0
2025-11-14 13:02:35.681033+01:00,21.17,22.17,51.8,2.24,174.0
2025-11-14 13:07:36.295372+01:00,21.17,22.11,52.6,2.68,220.0
2025-11-14 13:12:36.935663+01:00,21.17,22.06,52.0,3.13,252.0
2025-11-14 13:17:37.513398+01:00,21.28,22.06,52.8,3.13,257.0
2025-11-14 13:22:38.192337+01:00,21.33,22.17,52.8,2.24,255.0
2025-11-14 13:27:38.817196+01:00,21.28,22.28,52.5,3.13,247.0
2025-11-14 13:32:39.473459+01:00,21.17,22.56,50.3,4.92,247.0
2025-11-14 13:37:40.157249+01:00,20.89,22.89,49.9,3.13,308.0
2025-11-14 13:42:40.919627+01:00,20.78,23.17,48.7,4.47,284.0
2025-11-14 13:47:41.582027+01:00,20.72,23.11,47.3,4.47,311.0
2025-11-14 13:52:42.216028+01:00,20.72,22.94,48.0,4.47,247.0
2025-11-14 13:57:42.913483+01:00,20.72,22.67,48.5,4.92,225.0
2025-11-14 14:02:43.559684+01:00,20.72,22.56,48.7,4.47,253.0
2025-11-14 14:07:44.193871+01:00,20.61,22.72,48.7,3.13,288.0
2025-11-14 14:12:44.781351+01:00,20.61,23.0,47.6,3.58,217.0
2025-11-14 14:17:45.394798+01:00,20.5,22.89,48.1,3.58,263.0
2025-11-14 14:22:46.135088+01:00,20.5,22.78,47.5,7.15,270.0
2025-11-14 14:27:46.701200+01:00,20.44,22.5,47.9,3.58,244.0
2025-11-14 14:32:47.349827+01:00,20.33,22.39,48.5,3.58,279.0
2025-11-14 14:37:48.034858+01:00,20.33,22.5,48.6,2.68,277.0
2025-11-14 14:42:48.635136+01:00,20.33,22.78,47.0,4.02,254.0
2025-11-14 14:47:49.253405+01:00,20.33,22.83,46.7,4.47,250.0
2025-11-14 14:52:49.883839+01:00,20.33,22.94,46.2,5.81,259.0
2025-11-14 14:57:50.496292+01:00,20.33,22.89,46.3,4.47,232.0
2025-11-14 15:02:51.141058+01:00,20.33,23.0,46.6,4.47,242.0
2025-11-14 15:07:51.921142+01:00,20.22,22.94,47.0,4.02,242.0
2025-11-14 15:12:52.502471+01:00,20.22,22.94,47.3,3.58,278.0
2025-11-14 15:17:53.126088+01:00,20.22,23.0,47.0,4.02,238.0
2025-11-14 15:22:53.756750+01:00,20.22,23.22,45.6,3.58,254.0
2025-11-14 15:27:54.464364+01:00,20.22,23.11,45.4,4.02,247.0
2025-11-14 15:32:55.117383+01:00,20.22,23.28,45.1,2.24,219.0
2025-11-14 15:37:55.792429+01:00,20.22,23.39,45.4,2.68,235.0
2025-11-14 15:42:56.426364+01:00,20.17,23.28,45.3,4.02,250.0
2025-11-14 15:47:57.132136+01:00,20.17,23.11,46.0,4.02,247.0
2025-11-14 15:52:57.821042+01:00,20.17,23.06,46.5,3.13,257.0
2025-11-14 15:57:58.430111+01:00,20.06,23.11,46.3,1.79,238.0
2025-11-14 16:02:59.092935+01:00,20.06,22.94,46.8,4.02,292.0
2025-11-14 16:07:59.692001+01:00,19.94,22.72,46.5,2.68,214.0
2025-11-14 16:13:00.349823+01:00,19.89,22.28,47.6,4.02,250.0
2025-11-14 16:18:01.067169+01:00,19.94,22.17,47.9,3.58,285.0
2025-11-14 16:23:01.715889+01:00,19.94,22.44,47.1,3.13,263.0
2025-11-14 16:28:02.371497+01:00,19.94,22.61,46.5,1.79,269.0
2025-11-14 16:33:03.043025+01:00,20.06,22.78,47.1,4.02,247.0
2025-11-14 16:38:03.754887+01:00,19.94,22.67,47.5,1.79,292.0
2025-11-14 16:43:04.346364+01:00,19.94,22.56,47.4,2.68,277.0
2025-11-14 16:48:05.041791+01:00,19.94,22.44,47.8,1.34,218.0
2025-11-14 16:53:05.647286+01:00,19.89,22.44,47.5,0.89,189.0
2025-11-14 16:58:06.318037+01:00,19.78,22.33,47.1,1.79,265.0
2025-11-14 17:03:07.017672+01:00,19.78,22.22,48.0,3.13,247.0
2025-11-14 17:08:07.666819+01:00,19.61,22.11,49.3,0.45,331.0
2025-11-14 17:13:08.337238+01:00,19.5,21.94,49.9,0.45,43.0
2025-11-14 17:18:09.834603+01:00,19.5,21.61,51.1,0.89,225.0
2025-11-14 17:23:10.611410+01:00,19.5,21.28,51.8,0.45,232.0
2025-11-14 17:28:11.273182+01:00,19.39,21.0,52.8,1.34,270.0
2025-11-14 17:33:12.318105+01:00,19.33,20.67,53.5,1.79,270.0
2025-11-14 17:38:13.329978+01:00,19.22,20.44,54.1,1.34,215.0
2025-11-14 17:43:13.961702+01:00,19.11,20.22,54.9,0.89,241.0
2025-11-14 17:48:14.700344+01:00,19.11,20.0,54.6,1.79,281.0
2025-11-14 17:53:15.363676+01:00,19.06,19.89,53.6,3.13,249.0
2025-11-14 17:58:16.004804+01:00,19.06,19.89,52.5,3.58,271.0
2025-11-14 18:03:16.753259+01:00,19.06,19.94,51.9,3.13,214.0
2025-11-14 18:08:17.482057+01:00,18.94,19.94,51.5,3.13,190.0
2025-11-14 18:13:18.117962+01:00,18.94,19.94,51.3,4.02,270.0
2025-11-14 18:18:18.838587+01:00,18.89,19.89,51.5,2.68,213.0
2025-11-14 18:23:19.574877+01:00,18.78,19.78,51.8,1.34,274.0
2025-11-14 18:28:20.364274+01:00,18.67,19.67,52.2,1.34,262.0
2025-11-14 18:33:20.994301+01:00,18.67,19.44,52.6,1.34,269.0
2025-11-14 18:38:21.630493+01:00,18.61,19.39,53.0,2.24,239.0
2025-11-14 18:43:22.294660+01:00,18.5,19.28,53.4,1.34,215.0
2025-11-14 18:48:23.026306+01:00,18.44,19.11,54.2,0.89,213.0
2025-11-14 18:53:23.820713+01:00,18.44,18.89,55.0,1.34,281.0
2025-11-14 18:58:24.500903+01:00,18.33,18.67,55.6,0.89,267.0
2025-11-14 19:03:25.521952+01:00,18.22,18.5,56.7,0.89,133.0
2025-11-14 19:08:26.234521+01:00,18.22,18.28,57.3,0.89,225.0
2025-11-14 19:13:26.963827+01:00,18.22,18.06,57.9,1.79,220.0
2025-11-14 19:18:27.628960+01:00,18.17,17.89,58.5,1.34,231.0
2025-11-14 19:23:28.307152+01:00,18.06,17.89,58.1,1.34,236.0
2025-11-14 19:28:28.990762+01:00,18.06,17.94,57.5,1.79,284.0
2025-11-14 19:33:29.751269+01:00,17.94,18.11,57.1,1.34,221.0
2025-11-14 19:38:30.437399+01:00,17.94,18.22,56.9,0.89,275.0
2025-11-14 19:43:31.156777+01:00,17.94,18.28,57.0,1.34,234.0
2025-11-14 19:48:31.887089+01:00,17.78,18.11,58.7,0.89,208.0
2025-11-14 19:53:32.570737+01:00,17.78,17.78,59.1,1.34,247.0
2025-11-14 19:58:33.251953+01:00,17.78,17.61,60.3,0.89,257.0
2025-11-14 20:03:33.836059+01:00,17.78,17.44,60.8,0.89,221.0
2025-11-14 20:08:34.483858+01:00,17.89,17.28,60.6,0.89,225.0
2025-11-14 20:13:35.161303+01:00,17.72,17.22,60.8,1.79,247.0
2025-11-14 20:18:35.750822+01:00,17.72,17.11,61.1,1.34,222.0
2025-11-14 20:23:36.522823+01:00,17.61,17.06,61.7,1.79,292.0
2025-11-14 20:28:37.256626+01:00,17.72,16.94,61.8,1.79,190.0
2025-11-14 20:33:37.924868+01:00,17.78,16.83,62.0,1.34,213.0
2025-11-14 20:38:38.611064+01:00,17.78,16.78,62.2,1.34,213.0
2025-11-14 20:43:39.169119+01:00,17.78,16.78,62.5,1.34,247.0
2025-11-14 20:48:39.802507+01:00,17.72,16.78,62.5,1.79,225.0
2025-11-14 20:53:40.414263+01:00,17.72,16.83,62.1,1.79,202.0
2025-11-14 20:58:41.124784+01:00,17.72,16.89,61.7,1.79,235.0
2025-11-14 21:03:41.792291+01:00,17.72,16.89,61.6,1.79,202.0
2025-11-14 21:08:42.572128+01:00,17.61,16.89,61.5,1.34,229.0
2025-11-14 21:13:43.257955+01:00,17.5,16.83,61.8,1.34,222.0
2025-11-14 21:18:43.895820+01:00,17.5,16.83,61.5,1.79,204.0
2025-11-14 21:23:44.590960+01:00,17.5,17.11,60.0,4.47,270.0
2025-11-14 21:28:45.262129+01:00,17.44,17.28,59.5,2.68,260.0
2025-11-14 21:33:45.951809+01:00,17.33,17.33,59.3,2.24,247.0
2025-11-14 21:38:46.619810+01:00,17.33,17.28,59.1,3.58,253.0
2025-11-14 21:43:47.204995+01:00,17.33,17.33,58.0,2.24,222.0
2025-11-14 21:48:47.890641+01:00,17.44,17.56,57.0,2.24,234.0
2025-11-14 21:53:48.576830+01:00,17.5,17.89,54.8,5.81,267.0
2025-11-14 21:58:49.203238+01:00,17.61,18.06,54.3,4.92,233.0
2025-11-14 22:03:49.851553+01:00,17.61,18.0,54.8,3.58,273.0
2025-11-14 22:08:50.521253+01:00,17.61,17.94,55.7,3.13,261.0
2025-11-14 22:13:51.267043+01:00,17.61,17.78,56.9,4.92,269.0
2025-11-14 22:18:51.926201+01:00,17.61,17.72,57.6,4.47,202.0
2025-11-14 22:23:52.736959+01:00,17.61,17.67,57.8,5.81,292.0
2025-11-14 22:28:53.416305+01:00,17.5,17.56,58.3,1.34,238.0
2025-11-14 22:33:54.160736+01:00,17.5,17.5,58.5,1.34,93.0
2025-11-14 22:38:54.887780+01:00,17.5,17.5,57.7,1.34,112.0
2025-11-14 22:43:55.513244+01:00,17.5,17.5,57.8,1.34,221.0
2025-11-14 22:48:56.163583+01:00,17.5,17.44,57.6,2.68,259.0
2025-11-14 22:53:56.872795+01:00,17.44,17.39,57.7,1.79,5.0
2025-11-14 22:58:57.563949+01:00,17.33,17.28,57.9,0.89,5.0
2025-11-14 23:03:58.212620+01:00,17.17,17.11,58.2,1.79,136.0
2025-11-14 23:08:58.872654+01:00,17.06,16.94,58.7,1.34,325.0
2025-11-14 23:13:59.521935+01:00,17.0,16.78,59.6,1.34,296.0
2025-11-14 23:19:00.157287+01:00,17.0,16.67,59.9,2.68,232.0
2025-11-14 23:24:00.703715+01:00,17.0,16.61,60.1,1.79,258.0
2025-11-14 23:29:01.311055+01:00,17.06,16.61,59.7,3.58,257.0
2025-11-14 23:34:02.058824+01:00,17.06,16.67,59.4,2.24,306.0
2025-11-14 23:39:02.680101+01:00,17.0,16.67,59.6,4.02,280.0
2025-11-14 23:44:03.277078+01:00,17.0,16.78,59.2,3.13,217.0
2025-11-14 23:49:03.906923+01:00,17.0,16.72,59.0,3.58,270.0
2025-11-14 23:54:04.523066+01:00,16.89,16.67,59.3,1.79,273.0
2025-11-14 23:59:05.162470+01:00,16.83,16.61,59.5,1.79,269.0
2025-11-15 00:04:05.802348+01:00,16.83,16.5,59.7,1.79,275.0
2025-11-15 00:09:06.540739+01:00,16.72,16.44,60.3,0.45,231.0
2025-11-15 00:14:07.295423+01:00,16.67,16.33,60.6,0.45,231.0
2025-11-15 00:19:07.981567+01:00,16.67,16.17,61.0,0.45,287.0
2025-11-15 00:24:08.718575+01:00,16.72,16.06,61.2,0.45,348.0
2025-11-15 00:29:09.427729+01:00,16.72,15.94,61.3,,
2025-11-15 00:34:10.076109+01:00,16.83,15.83,61.4,0.45,5.0
2025-11-15 00:39:10.719114+01:00,16.89,16.06,61.5,3.13,267.0
2025-11-15 00:44:11.471323+01:00,16.89,16.61,60.5,3.58,286.0
2025-11-15 00:49:12.181359+01:00,16.89,16.94,60.1,3.58,270.0
2025-11-15 00:54:12.929250+01:00,16.89,16.94,60.7,1.34,26.0
2025-11-15 00:59:13.656347+01:00,16.89,16.83,61.6,2.68,217.0
2025-11-15 01:04:14.323055+01:00,16.89,16.72,62.0,1.34,115.0
2025-11-15 01:09:15.016931+01:00,16.83,16.67,61.6,0.89,298.0
2025-11-15 01:14:15.685191+01:00,16.72,16.67,61.0,0.45,250.0
2025-11-15 01:19:16.379736+01:00,16.67,16.61,61.2,0.45,250.0
2025-11-15 01:24:17.071066+01:00,16.67,16.56,62.2,1.79,166.0
2025-11-15 01:29:17.727392+01:00,16.72,16.44,62.3,0.45,239.0
2025-11-15 01:34:18.479693+01:00,16.67,16.39,61.8,0.89,220.0
2025-11-15 01:39:19.266912+01:00,16.56,16.28,62.4,0.89,269.0
2025-11-15 01:44:20.048024+01:00,16.44,16.17,63.0,0.89,238.0
2025-11-15 01:49:20.714782+01:00,16.39,16.11,63.4,1.34,274.0
2025-11-15 01:54:21.380176+01:00,16.44,16.17,61.9,2.68,270.0
2025-11-15 01:59:22.038587+01:00,16.44,16.44,60.7,3.13,248.0
2025-11-15 02:04:22.759519+01:00,16.44,16.78,59.0,2.24,215.0
2025-11-15 02:09:23.481287+01:00,16.56,17.0,57.9,3.13,271.0
2025-11-15 02:14:24.199134+01:00,16.56,17.06,57.9,2.24,289.0
2025-11-15 02:19:24.893927+01:00,16.56,17.22,57.6,4.92,275.0
2025-11-15 02:24:25.534357+01:00,16.44,17.17,58.1,3.13,263.0
2025-11-15 02:29:26.291286+01:00,16.44,17.06,58.0,3.58,273.0
2025-11-15 02:34:27.019002+01:00,16.39,17.06,58.2,2.24,226.0
2025-11-15 02:39:27.731659+01:00,16.39,16.83,59.1,1.79,228.0
2025-11-15 02:44:28.341382+01:00,16.39,16.67,59.6,2.24,250.0
2025-11-15 02:49:29.101425+01:00,16.28,16.72,59.6,2.24,292.0
2025-11-15 02:54:29.796892+01:00,16.28,16.78,59.5,1.79,273.0
2025-11-15 02:59:30.410821+01:00,16.28,16.67,59.5,3.13,271.0
2025-11-15 03:04:31.030951+01:00,16.28,16.78,59.9,3.13,225.0
2025-11-15 03:09:31.774685+01:00,16.22,16.72,59.9,2.68,261.0
2025-11-15 03:14:32.563573+01:00,16.22,16.67,60.1,3.58,248.0
2025-11-15 03:19:33.195924+01:00,16.28,16.67,60.1,3.13,283.0
2025-11-15 03:24:33.903647+01:00,16.28,16.78,60.0,4.47,292.0
2025-11-15 03:29:34.540115+01:00,16.28,16.78,60.2,4.02,263.0
2025-11-15 03:34:35.211696+01:00,16.28,16.78,60.3,3.13,262.0
2025-11-15 03:39:35.827509+01:00,16.22,16.67,60.5,3.13,280.0
2025-11-15 03:44:36.468430+01:00,16.28,16.61,61.1,3.58,225.0
2025-11-15 03:49:37.167657+01:00,16.28,16.56,61.4,3.58,225.0
2025-11-15 03:54:37.920968+01:00,16.22,16.61,61.3,4.47,257.0
2025-11-15 03:59:38.516156+01:00,16.11,16.56,61.5,2.68,264.0
2025-11-15 04:04:39.258813+01:00,16.11,16.44,61.5,2.24,242.0
2025-11-15 04:09:39.893113+01:00,16.11,16.39,61.8,3.58,261.0
2025-11-15 04:14:40.582373+01:00,16.11,16.44,61.7,4.92,292.0
2025-11-15 04:19:41.263369+01:00,16.11,16.44,61.7,4.92,270.0
2025-11-15 04:24:41.903324+01:00,16.06,16.39,61.9,4.02,218.0
2025-11-15 04:29:42.641078+01:00,16.06,16.33,62.1,3.13,231.0
2025-11-15 04:34:43.273179+01:00,16.06,16.28,62.1,4.02,248.0
2025-11-15 04:39:43.975303+01:00,15.94,16.28,62.3,4.02,272.0
2025-11-15 04:44:44.633651+01:00,15.94,16.17,62.5,3.13,264.0
2025-11-15 04:49:45.269022+01:00,15.83,16.17,62.9,3.13,246.0
2025-11-15 04:54:45.946976+01:00,15.83,16.06,63.1,4.02,272.0
2025-11-15 04:59:46.645653+01:00,15.83,15.94,63.5,2.24,249.0
2025-11-15 05:04:47.272345+01:00,15.83,15.72,64.5,2.68,219.0
2025-11-15 05:09:47.993490+01:00,15.78,15.44,65.2,2.24,167.0
2025-11-15 05:14:48.781022+01:00,15.78,15.11,66.2,1.79,204.0
2025-11-15 05:19:49.481887+01:00,15.67,14.83,67.1,2.24,230.0
2025-11-15 05:24:50.219646+01:00,15.61,14.72,67.9,1.79,235.0
2025-11-15 05:29:50.929265+01:00,15.61,14.67,68.3,2.68,270.0
2025-11-15 05:34:51.582076+01:00,15.5,14.67,68.4,1.79,235.0
2025-11-15 05:39:52.296908+01:00,15.5,14.72,68.5,3.13,202.0
2025-11-15 05:44:53.048325+01:00,15.5,14.78,68.3,1.79,217.0
2025-11-15 05:49:53.749566+01:00,15.44,14.83,68.4,3.13,223.0
2025-11-15 05:54:54.418908+01:00,15.44,14.83,68.3,2.24,222.0
2025-11-15 05:59:55.137578+01:00,15.44,14.83,68.0,2.68,227.0
2025-11-15 06:04:55.789652+01:00,15.44,14.94,67.6,1.79,244.0
2025-11-15 06:09:56.556200+01:00,15.44,15.17,66.9,2.68,230.0
2025-11-15 06:14:57.164411+01:00,15.44,15.22,66.7,1.79,217.0
2025-11-15 06:19:57.871117+01:00,15.33,15.22,66.7,1.34,209.0
2025-11-15 06:24:58.576363+01:00,15.28,15.06,67.2,1.79,225.0
2025-11-15 06:29:59.351612+01:00,15.28,14.94,67.5,1.79,234.0
2025-11-15 06:35:00.069333+01:00,15.28,14.83,68.0,1.79,168.0
2025-11-15 06:40:00.753896+01:00,15.17,14.56,68.6,0.89,210.0
2025-11-15 06:45:01.586211+01:00,15.17,14.56,68.9,1.34,137.0
2025-11-15 06:50:02.294246+01:00,15.17,14.5,69.0,2.24,215.0
2025-11-15 06:55:03.104715+01:00,15.11,14.5,69.2,2.24,225.0
2025-11-15 07:00:03.784039+01:00,15.11,14.56,68.9,2.24,236.0
2025-11-15 07:05:04.541551+01:00,15.11,14.5,69.0,2.24,209.0
2025-11-15 07:10:05.292746+01:00,15.11,14.5,69.1,1.34,287.0
2025-11-15 07:15:05.913816+01:00,15.11,14.44,69.5,1.79,225.0
2025-11-15 07:20:06.590844+01:00,15.11,14.39,69.7,2.24,202.0
2025-11-15 07:25:07.246052+01:00,15.11,14.56,69.2,4.47,231.0
2025-11-15 07:30:07.908761+01:00,15.11,14.67,69.0,2.24,231.0
2025-11-15 07:35:08.550731+01:00,15.11,14.78,68.8,3.13,202.0
2025-11-15 07:40:09.286138+01:00,15.11,14.83,68.7,2.24,221.0
2025-11-15 07:45:09.938012+01:00,15.11,14.94,68.4,2.68,225.0
2025-11-15 07:50:10.639254+01:00,15.17,14.78,68.7,0.89,181.0
2025-11-15 07:55:11.292837+01:00,15.28,14.56,69.3,1.79,225.0
2025-11-15 08:00:11.919336+01:00,15.28,14.33,70.1,1.34,134.0
2025-11-15 08:05:12.977537+01:00,15.17,14.06,70.9,1.34,218.0
2025-11-15 08:10:13.641789+01:00,15.17,13.94,71.6,1.79,225.0
2025-11-15 08:15:14.228974+01:00,15.17,13.83,72.0,1.79,196.0
2025-11-15 08:20:14.883697+01:00,15.28,13.94,71.8,2.24,207.0
2025-11-15 08:25:15.577994+01:00,15.28,14.06,71.5,2.68,215.0
2025-11-15 08:30:16.449732+01:00,15.33,14.22,70.6,3.13,181.0
2025-11-15 08:35:17.063061+01:00,15.33,14.67,69.5,3.13,221.0
2025-11-15 08:40:17.673797+01:00,15.44,14.94,68.3,2.24,159.0
2025-11-15 08:45:18.372382+01:00,15.44,15.0,68.4,2.68,229.0
2025-11-15 08:50:19.044386+01:00,15.33,14.89,68.8,1.79,230.0
2025-11-15 08:55:19.685544+01:00,15.44,14.83,69.2,1.79,161.0
2025-11-15 09:00:20.322555+01:00,15.5,15.0,69.3,1.79,160.0
2025-11-15 09:05:20.978233+01:00,15.61,15.17,68.9,2.24,239.0
2025-11-15 09:10:21.723725+01:00,15.67,15.39,68.7,1.79,229.0
2025-11-15 09:15:22.349744+01:00,15.67,15.61,68.2,1.34,221.0
2025-11-15 09:20:23.013761+01:00,15.78,15.89,67.3,1.79,242.0
2025-11-15 09:25:24.092288+01:00,15.83,16.11,66.9,2.24,247.0
2025-11-15 09:30:24.816412+01:00,15.83,16.39,66.3,1.34,232.0
2025-11-15 09:35:25.434843+01:00,15.94,16.61,65.5,0.89,269.0
2025-11-15 09:40:26.092430+01:00,16.72,16.83,64.5,1.79,225.0
2025-11-15 09:45:26.709996+01:00,16.28,17.06,64.4,1.79,160.0
2025-11-15 09:50:27.309902+01:00,16.28,17.22,63.7,2.24,230.0
2025-11-15 09:55:28.199737+01:00,16.39,17.44,63.6,2.24,225.0
2025-11-15 10:00:28.860341+01:00,16.56,17.67,62.9,1.79,224.0
2025-11-15 10:05:29.529150+01:00,16.44,17.83,62.6,2.24,224.0
2025-11-15 10:10:30.161631+01:00,16.44,18.06,62.0,2.24,161.0
2025-11-15 10:15:30.804825+01:00,16.56,18.28,61.8,1.79,281.0
2025-11-15 10:20:31.400067+01:00,16.56,18.56,60.8,1.34,296.0
2025-11-15 10:25:32.039351+01:00,16.56,18.72,60.2,1.79,254.0
2025-11-15 10:30:32.766929+01:00,16.72,18.94,58.6,2.24,239.0
2025-11-15 10:35:33.447987+01:00,16.72,19.17,57.5,2.68,270.0
2025-11-15 10:40:34.182969+01:00,16.72,19.28,56.9,1.79,259.0
2025-11-15 10:45:34.857351+01:00,16.83,19.67,55.9,1.34,217.0
2025-11-15 10:50:35.503411+01:00,16.83,20.06,54.8,1.79,169.0
2025-11-15 10:55:36.105559+01:00,16.89,20.44,53.8,1.79,261.0
2025-11-15 11:00:36.791526+01:00,17.0,20.67,52.4,2.68,156.0
2025-11-15 11:05:37.441585+01:00,17.0,20.78,52.4,2.24,171.0
2025-11-15 11:10:38.076909+01:00,17.06,21.06,51.5,1.79,294.0
2025-11-15 11:15:38.759485+01:00,17.17,21.22,50.2,2.24,250.0
2025-11-15 11:20:39.361722+01:00,17.17,21.22,50.2,1.79,207.0
2025-11-15 11:25:40.038078+01:00,17.28,21.39,49.4,2.24,157.0
2025-11-15 11:30:40.693286+01:00,17.28,21.5,49.7,1.34,166.0
2025-11-15 11:35:41.324765+01:00,17.33,21.56,49.2,4.02,138.0
2025-11-15 11:40:41.953846+01:00,17.44,21.5,48.7,3.13,190.0
2025-11-15 11:45:42.665787+01:00,17.61,21.56,48.9,1.34,225.0
2025-11-15 11:50:43.395670+01:00,17.72,21.5,48.8,2.68,217.0
2025-11-15 11:55:44.062044+01:00,17.78,21.61,49.0,1.34,211.0
2025-11-15 12:00:44.743232+01:00,17.89,21.61,48.8,2.24,160.0
2025-11-15 12:05:45.397543+01:00,17.89,21.56,49.0,2.68,228.0
2025-11-15 12:10:46.197859+01:00,17.89,21.5,49.3,1.79,164.0
2025-11-15 12:15:46.889035+01:00,18.06,21.5,50.7,2.68,157.0
2025-11-15 12:20:47.533298+01:00,18.22,21.61,50.9,1.34,167.0
2025-11-15 12:25:48.205160+01:00,18.5,21.61,52.0,1.79,102.0
2025-11-15 12:30:48.833395+01:00,18.67,21.78,51.3,0.89,193.0
2025-11-15 12:35:49.501057+01:00,18.89,21.89,52.4,1.34,85.0
2025-11-15 12:40:50.156859+01:00,18.94,22.06,52.8,1.34,135.0
2025-11-15 12:45:50.817574+01:00,19.06,22.11,53.2,1.34,225.0
2025-11-15 12:50:51.508002+01:00,19.11,22.06,52.8,1.79,159.0
2025-11-15 12:55:52.213744+01:00,19.11,21.94,52.6,0.89,91.0
2025-11-15 13:00:52.874558+01:00,19.22,21.78,52.5,0.89,185.0
2025-11-15 13:05:53.587256+01:00,19.22,21.72,53.8,0.89,142.0
2025-11-15 13:10:54.215325+01:00,19.22,21.67,54.8,0.89,112.0
2025-11-15 13:15:54.855647+01:00,19.33,21.67,53.6,0.89,132.0
2025-11-15 13:20:55.487295+01:00,19.5,21.61,53.2,0.45,196.0
2025-11-15 13:25:56.112094+01:00,19.61,21.72,54.7,0.89,112.0
2025-11-15 13:30:56.769460+01:00,19.94,21.78,55.8,0.89,170.0
2025-11-15 13:35:57.421375+01:00,19.67,21.39,55.3,1.79,88.0
2025-11-15 13:40:58.158932+01:00,19.89,21.22,56.3,1.34,85.0
2025-11-15 13:45:58.799925+01:00,19.78,21.11,56.5,1.34,67.0
2025-11-15 13:50:59.444913+01:00,19.67,20.94,56.3,2.68,106.0
2025-11-15 13:56:00.076648+01:00,19.67,20.78,56.7,1.34,150.0
2025-11-15 14:01:00.728532+01:00,19.67,20.61,57.2,1.79,109.0
2025-11-15 14:06:01.355745+01:00,19.67,20.5,57.8,0.45,84.0
2025-11-15 14:11:02.039188+01:00,19.5,20.44,57.7,1.34,67.0
2025-11-15 14:16:02.819637+01:00,19.61,20.33,57.3,1.34,58.0
2025-11-15 14:21:03.518825+01:00,19.61,20.28,57.4,0.89,171.0
2025-11-15 14:26:04.352674+01:00,19.61,20.22,57.5,0.89,84.0
2025-11-15 14:31:05.020646+01:00,19.67,20.22,57.5,1.34,143.0
2025-11-15 14:36:05.649643+01:00,19.67,20.17,57.7,1.34,202.0
2025-11-15 14:41:06.331577+01:00,19.67,20.17,57.0,1.79,22.0
2025-11-15 14:46:06.999675+01:00,19.67,20.17,56.5,1.34,80.0
2025-11-15 14:51:07.696856+01:00,19.67,20.17,56.5,1.34,202.0
2025-11-15 14:56:08.331218+01:00,19.67,20.22,57.3,2.24,157.0
2025-11-15 15:01:08.941903+01:00,19.67,20.17,58.1,2.24,180.0
2025-11-15 15:06:09.585651+01:00,19.61,20.06,57.0,1.34,142.0
2025-11-15 15:11:10.358654+01:00,19.61,19.89,56.7,1.79,90.0
2025-11-15 15:16:10.993174+01:00,19.61,19.89,56.9,1.34,107.0
2025-11-15 15:21:11.647220+01:00,19.67,19.83,56.4,1.34,94.0
2025-11-15 15:26:12.249956+01:00,19.67,19.78,56.5,0.89,164.0
2025-11-15 15:31:12.906396+01:00,19.67,19.72,56.7,1.79,111.0
2025-11-15 15:36:13.529270+01:00,19.61,19.67,57.1,0.89,99.0
2025-11-15 15:41:14.156622+01:00,19.61,19.61,58.3,0.89,196.0
2025-11-15 15:46:15.016973+01:00,19.61,19.67,58.3,0.89,112.0
2025-11-15 15:51:15.638414+01:00,19.5,19.56,58.2,1.34,85.0
2025-11-15 15:56:16.335165+01:00,19.5,19.39,59.6,0.45,89.0
2025-11-15 16:01:17.109203+01:00,19.5,19.28,60.3,1.34,90.0
2025-11-15 16:06:17.709024+01:00,19.5,19.22,60.2,0.89,94.0
2025-11-15 16:11:18.383667+01:00,19.39,19.22,60.8,0.45,100.0
2025-11-15 16:16:19.046382+01:00,19.39,19.17,61.2,1.34,67.0
2025-11-15 16:21:19.719084+01:00,19.33,19.11,61.5,0.89,104.0
2025-11-15 16:26:20.379768+01:00,19.22,19.06,61.7,1.34,167.0
2025-11-15 16:31:20.992304+01:00,19.22,19.0,61.5,0.89,182.0
2025-11-15 16:36:21.622365+01:00,19.22,18.94,62.1,0.89,180.0
2025-11-15 16:41:22.416046+01:00,19.11,18.94,62.1,0.45,115.0
2025-11-15 16:46:23.258864+01:00,19.06,18.89,62.2,0.45,118.0
2025-11-15 16:51:23.921081+01:00,19.06,18.83,62.2,0.89,180.0
2025-11-15 16:56:24.567010+01:00,19.06,18.78,62.3,0.45,130.0
2025-11-15 17:01:25.248097+01:00,18.94,18.78,62.6,0.45,111.0
2025-11-15 17:06:26.019012+01:00,18.89,18.78,62.8,0.45,55.0
2025-11-15 17:11:26.690262+01:00,18.78,18.67,62.5,0.45,54.0
2025-11-15 17:16:27.368005+01:00,18.78,18.61,63.1,0.89,227.0
2025-11-15 17:21:28.059631+01:00,18.67,18.5,63.7,0.45,222.0
2025-11-15 17:26:28.894147+01:00,18.67,18.44,64.5,1.34,275.0
2025-11-15 17:31:29.564694+01:00,18.67,18.33,65.2,0.45,243.0
2025-11-15 17:36:30.230110+01:00,18.61,18.28,65.7,0.45,286.0
2025-11-15 17:41:30.916622+01:00,18.61,18.28,65.8,0.45,307.0
2025-11-15 17:46:31.569379+01:00,18.61,18.17,65.5,0.89,355.0
2025-11-15 17:51:32.194574+01:00,18.5,18.11,65.8,0.89,352.0
2025-11-15 17:56:32.849647+01:00,18.5,18.06,67.0,0.89,360.0
2025-11-15 18:01:33.547683+01:00,18.44,17.89,68.2,0.89,44.0
2025-11-15 18:06:34.196111+01:00,18.33,17.78,68.8,1.34,45.0
2025-11-15 18:11:35.027765+01:00,17.94,17.72,69.4,1.34,116.0
2025-11-15 18:16:35.721926+01:00,17.78,17.67,70.8,1.34,45.0
2025-11-15 18:21:36.396564+01:00,17.72,17.5,71.9,1.34,62.0
2025-11-15 18:26:37.093225+01:00,17.72,17.39,72.8,0.89,97.0
2025-11-15 18:31:37.808829+01:00,17.72,17.28,72.0,0.89,136.0
2025-11-15 18:36:38.420768+01:00,17.72,17.22,71.9,0.89,107.0
2025-11-15 18:41:39.134288+01:00,17.72,17.17,72.0,0.89,140.0
2025-11-15 18:46:39.823867+01:00,17.61,17.11,72.2,0.45,107.0
2025-11-15 18:51:40.539239+01:00,17.61,17.06,72.5,0.45,112.0
2025-11-15 18:56:41.263034+01:00,17.5,17.0,73.5,0.45,94.0
2025-11-15 19:01:41.976349+01:00,17.44,16.89,74.7,0.45,346.0
2025-11-15 19:06:43.086706+01:00,17.33,16.78,75.4,0.45,26.0
2025-11-15 19:11:43.870776+01:00,17.33,16.72,76.0,0.45,29.0
2025-11-15 19:16:44.660133+01:00,17.28,16.67,75.7,,
2025-11-15 19:21:45.362761+01:00,17.28,16.56,75.2,0.45,20.0
2025-11-15 19:26:46.079888+01:00,17.28,16.44,75.6,0.45,19.0
2025-11-15 19:31:46.684344+01:00,17.28,16.39,75.4,0.45,360.0
2025-11-15 19:36:47.378263+01:00,17.28,16.33,75.1,0.89,236.0
2025-11-15 19:41:48.141037+01:00,17.28,16.33,75.6,0.45,250.0
2025-11-15 19:46:48.876686+01:00,17.28,16.33,75.1,0.45,298.0
2025-11-15 19:51:49.567075+01:00,17.28,16.33,75.1,0.89,232.0
2025-11-15 19:56:50.255420+01:00,17.33,16.33,74.9,1.34,225.0
2025-11-15 20:01:50.907004+01:00,17.33,16.33,74.7,0.45,252.0
2025-11-15 20:06:51.609238+01:00,17.33,16.33,74.3,0.45,261.0
2025-11-15 20:11:52.263387+01:00,17.33,16.33,73.9,0.89,258.0
2025-11-15 20:16:52.964183+01:00,17.33,16.28,73.8,0.45,258.0
2025-11-15 20:21:53.615668+01:00,17.33,16.33,73.7,0.89,247.0
2025-11-15 20:26:54.386955+01:00,17.33,16.39,73.6,1.34,247.0
2025-11-15 20:31:55.063084+01:00,17.33,16.39,73.5,0.89,278.0
2025-11-15 20:36:55.760524+01:00,17.33,16.39,74.5,1.34,225.0
2025-11-15 20:41:56.434978+01:00,17.33,16.39,74.4,0.45,228.0
2025-11-15 20:46:57.097102+01:00,17.44,16.33,74.4,1.34,270.0
2025-11-15 20:51:57.719938+01:00,17.44,16.33,74.0,0.89,92.0
2025-11-15 20:56:58.396745+01:00,17.44,16.33,74.4,0.45,274.0
2025-11-15 21:01:59.026972+01:00,17.44,16.33,74.8,0.89,225.0
2025-11-15 21:06:59.725150+01:00,17.33,16.33,75.7,0.89,249.0
2025-11-15 21:12:00.552449+01:00,17.44,16.28,75.4,0.89,201.0
2025-11-15 21:17:01.302052+01:00,17.33,16.28,75.3,0.45,188.0
2025-11-15 21:22:01.978475+01:00,17.33,16.28,75.3,0.89,238.0
2025-11-15 21:27:02.687638+01:00,17.33,16.33,75.8,1.79,269.0
2025-11-15 21:32:03.473808+01:00,17.17,16.28,76.5,0.89,232.0
2025-11-15 21:37:04.175681+01:00,16.89,16.28,77.8,0.89,250.0
2025-11-15 21:42:04.870461+01:00,16.83,16.22,78.7,0.89,255.0
2025-11-15 21:47:05.511023+01:00,16.72,16.17,79.2,0.89,27.0
2025-11-15 21:52:06.365880+01:00,16.72,16.06,79.9,0.89,219.0
2025-11-15 21:57:07.297971+01:00,16.72,15.94,81.1,0.89,225.0
2025-11-15 22:02:07.995543+01:00,16.72,15.89,81.7,0.45,159.0
2025-11-15 22:07:08.709122+01:00,16.56,15.83,82.7,0.89,92.0
2025-11-15 22:12:09.386500+01:00,16.56,15.83,82.9,1.34,204.0
2025-11-15 22:17:10.041753+01:00,16.67,15.78,83.7,1.34,76.0
2025-11-15 22:22:10.826534+01:00,16.67,15.67,83.9,0.45,259.0
2025-11-15 22:27:11.497276+01:00,16.56,15.67,84.9,1.34,315.0
2025-11-15 22:32:12.144511+01:00,16.56,15.56,85.0,0.89,263.0
2025-11-15 22:37:12.767407+01:00,16.56,15.56,85.1,0.89,143.0
2025-11-15 22:42:13.485399+01:00,16.44,15.56,85.0,0.45,220.0
2025-11-15 22:47:14.111267+01:00,16.44,15.61,85.1,0.89,154.0
2025-11-15 22:52:14.691002+01:00,16.39,15.61,85.2,1.79,225.0
2025-11-15 22:57:15.324632+01:00,16.39,15.61,85.2,1.34,210.0
2025-11-15 23:02:16.057527+01:00,16.39,15.61,84.9,1.34,239.0
2025-11-15 23:07:16.738875+01:00,16.39,15.67,84.7,1.34,167.0
2025-11-15 23:12:17.560617+01:00,16.39,15.72,84.3,1.34,150.0
2025-11-15 23:17:18.185139+01:00,16.39,15.78,84.1,1.34,167.0
2025-11-15 23:22:18.832041+01:00,16.28,15.78,83.9,2.24,229.0
2025-11-15 23:27:19.578864+01:00,16.28,15.72,84.0,0.45,218.0
2025-11-15 23:32:20.237187+01:00,16.28,15.78,84.2,0.89,159.0
2025-11-15 23:37:20.942652+01:00,16.28,15.78,84.1,0.45,175.0
2025-11-15 23:42:21.615900+01:00,16.28,15.78,83.9,1.34,167.0
2025-11-15 23:47:22.236934+01:00,16.28,15.78,83.8,,
2025-11-15 23:52:22.854943+01:00,16.28,15.78,83.7,0.89,65.0
2025-11-15 23:57:23.545469+01:00,16.28,15.83,83.4,0.45,67.0
2025-11-16 00:02:24.173449+01:00,16.22,15.89,83.2,0.45,69.0
2025-11-16 00:07:24.798498+01:00,16.22,15.89,83.2,0.45,69.0
2025-11-16 00:12:25.520733+01:00,16.22,15.89,83.0,0.45,360.0
2025-11-16 00:17:26.200133+01:00,16.22,15.89,83.4,,
2025-11-16 00:22:26.877921+01:00,16.22,15.89,83.7,0.45,292.0
2025-11-16 00:27:27.554320+01:00,16.22,15.83,82.9,0.45,292.0
2025-11-16 00:32:28.203296+01:00,16.22,15.78,83.5,0.45,240.0
2025-11-16 00:37:28.832199+01:00,16.22,15.78,83.3,,
2025-11-16 00:42:29.481141+01:00,16.11,15.78,82.8,0.45,310.0
2025-11-16 00:47:30.081291+01:00,16.11,15.83,83.4,0.89,352.0
2025-11-16 00:52:30.725217+01:00,16.06,15.83,82.9,0.89,352.0
2025-11-16 00:57:31.518219+01:00,16.11,15.89,82.0,0.89,23.0
2025-11-16 01:02:32.140253+01:00,16.11,15.94,81.7,0.89,360.0
2025-11-16 01:07:32.858828+01:00,16.11,16.06,81.7,0.45,15.0
2025-11-16 01:12:33.553006+01:00,16.11,16.06,81.9,0.45,360.0
2025-11-16 01:17:34.196055+01:00,16.06,16.06,81.5,1.34,266.0
2025-11-16 01:22:34.909255+01:00,16.06,16.06,81.9,,
2025-11-16 01:27:35.556715+01:00,16.06,16.06,82.1,0.89,259.0
2025-11-16 01:32:36.214074+01:00,16.06,16.0,82.6,0.45,259.0
2025-11-16 01:37:36.849379+01:00,16.06,15.94,82.5,0.45,259.0
2025-11-16 01:42:37.545613+01:00,15.94,15.83,82.6,0.89,135.0
2025-11-16 01:47:38.275426+01:00,15.94,15.83,82.7,0.45,206.0
2025-11-16 01:52:38.950907+01:00,15.94,15.78,82.8,0.45,206.0
2025-11-16 01:57:39.619348+01:00,15.83,15.72,82.6,0.89,229.0
2025-11-16 02:02:40.274375+01:00,15.83,15.61,82.8,1.34,240.0
2025-11-16 02:07:40.936910+01:00,15.78,15.44,83.5,1.34,224.0
2025-11-16 02:12:41.612778+01:00,15.78,15.28,83.8,0.89,135.0
2025-11-16 02:17:42.321571+01:00,15.67,15.17,84.0,0.45,224.0
2025-11-16 02:22:43.361367+01:00,15.67,15.22,82.7,1.34,225.0
2025-11-16 02:27:44.258065+01:00,15.61,15.61,79.8,2.24,292.0
2025-11-16 02:32:44.963284+01:00,15.61,16.06,77.6,1.79,264.0
2025-11-16 02:37:45.586473+01:00,15.5,16.28,75.6,1.79,242.0
2025-11-16 02:42:46.249269+01:00,15.5,16.61,75.0,2.24,217.0
2025-11-16 02:47:46.914907+01:00,15.44,16.67,74.1,3.13,256.0
2025-11-16 02:52:47.562111+01:00,15.44,16.78,73.5,3.58,266.0
2025-11-16 02:57:48.259115+01:00,15.44,16.83,73.3,3.58,218.0
2025-11-16 03:02:48.885954+01:00,15.44,16.89,73.0,4.92,270.0
2025-11-16 03:07:49.579602+01:00,15.44,17.0,72.6,5.36,275.0
2025-11-16 03:12:50.386281+01:00,15.33,17.0,72.2,3.13,204.0
2025-11-16 03:17:51.103033+01:00,15.33,17.11,71.8,5.81,256.0
2025-11-16 03:22:51.801193+01:00,15.33,17.17,71.6,4.92,243.0
2025-11-16 03:27:52.517288+01:00,15.28,17.11,71.7,3.58,277.0
2025-11-16 03:32:53.197607+01:00,15.28,17.0,72.1,3.58,292.0
2025-11-16 03:37:53.895894+01:00,15.28,16.89,72.4,3.58,251.0
2025-11-16 03:42:54.583562+01:00,15.17,16.78,72.9,4.47,292.0
2025-11-16 03:47:55.241974+01:00,15.17,16.67,72.8,3.13,248.0
2025-11-16 03:52:55.898400+01:00,15.17,16.67,73.0,4.92,211.0
2025-11-16 03:57:56.863647+01:00,15.17,16.56,73.4,5.36,270.0
2025-11-16 04:02:57.499198+01:00,15.17,16.5,73.7,3.13,250.0
2025-11-16 04:07:58.194526+01:00,15.11,16.5,73.4,5.36,245.0
2025-11-16 04:12:58.930861+01:00,15.11,16.5,73.0,5.36,254.0
2025-11-16 04:17:59.625959+01:00,15.0,16.5,73.0,5.36,251.0
2025-11-16 04:23:00.299250+01:00,15.0,16.44,73.1,3.58,243.0
2025-11-16 04:28:01.154149+01:00,14.94,16.39,73.3,4.47,286.0
2025-11-16 04:33:01.889672+01:00,14.94,16.33,73.4,2.68,267.0
2025-11-16 04:38:02.640309+01:00,14.94,16.33,73.2,4.02,225.0
2025-11-16 04:43:03.315713+01:00,14.94,16.33,72.9,3.58,271.0
2025-11-16 04:48:04.018684+01:00,14.83,16.39,72.6,3.58,232.0
2025-11-16 04:53:04.771148+01:00,14.83,16.33,72.4,4.92,225.0
2025-11-16 04:58:05.512819+01:00,14.83,16.33,72.4,3.13,247.0
2025-11-16 05:03:06.144664+01:00,14.78,16.28,72.2,3.58,225.0
2025-11-16 05:08:06.912581+01:00,14.78,16.28,72.4,2.68,270.0
2025-11-16 05:13:07.640595+01:00,14.78,16.22,72.5,3.58,284.0
2025-11-16 05:18:08.356507+01:00,14.78,16.22,72.1,4.92,263.0
2025-11-16 05:23:09.087385+01:00,14.78,16.22,72.3,6.71,250.0
2025-11-16 05:28:09.916186+01:00,14.67,16.11,72.4,4.47,255.0
2025-11-16 05:33:10.621493+01:00,14.67,16.06,72.6,4.02,230.0
2025-11-16 05:38:11.273528+01:00,14.67,16.0,72.9,3.58,218.0
2025-11-16 05:43:11.957455+01:00,14.67,15.94,73.2,3.13,282.0
2025-11-16 05:48:12.691173+01:00,14.67,15.89,73.3,3.58,254.0
2025-11-16 05:53:13.455458+01:00,14.67,15.83,73.3,3.13,272.0
2025-11-16 05:58:14.170968+01:00,14.67,15.78,73.0,2.68,275.0
2025-11-16 06:03:14.907785+01:00,14.67,15.83,72.8,3.58,225.0
2025-11-16 06:08:15.551791+01:00,14.67,15.83,72.8,3.58,266.0
2025-11-16 06:13:16.473518+01:00,14.67,15.89,72.6,2.68,216.0
2025-11-16 06:18:17.157620+01:00,14.67,15.89,72.6,3.58,270.0
2025-11-16 06:23:17.824818+01:00,14.67,15.83,72.3,1.34,255.0
2025-11-16 06:28:18.497820+01:00,14.67,15.83,72.3,1.34,235.0
2025-11-16 06:33:19.179248+01:00,14.67,15.78,72.3,1.34,231.0
2025-11-16 06:38:19.824864+01:00,14.67,15.78,72.2,0.45,143.0
2025-11-16 06:43:20.573468+01:00,14.67,15.72,72.4,1.34,217.0
2025-11-16 06:48:21.258172+01:00,14.67,15.61,72.4,1.79,242.0
2025-11-16 06:53:21.914999+01:00,14.61,15.5,72.8,0.45,240.0
2025-11-16 06:58:22.998749+01:00,14.61,15.39,73.1,0.45,242.0
2025-11-16 07:03:24.156861+01:00,14.5,15.28,73.4,0.89,135.0
2025-11-16 07:08:24.878368+01:00,14.5,15.17,73.2,0.89,225.0
2025-11-16 07:13:25.561287+01:00,14.44,15.11,73.4,1.79,225.0
2025-11-16 07:18:26.243130+01:00,14.44,15.06,73.7,1.34,246.0
2025-11-16 07:23:26.921645+01:00,14.33,15.0,73.7,1.34,229.0
2025-11-16 07:28:27.565405+01:00,14.33,15.0,73.4,1.79,225.0
2025-11-16 07:33:28.308778+01:00,14.33,15.06,71.7,3.13,180.0
2025-11-16 07:38:28.953406+01:00,14.22,15.11,71.6,1.79,223.0
2025-11-16 07:43:29.685951+01:00,14.22,15.06,71.8,0.89,227.0
2025-11-16 07:48:30.332585+01:00,14.17,15.0,72.0,1.34,231.0
2025-11-16 07:53:30.937901+01:00,14.17,14.94,72.2,1.79,235.0
2025-11-16 07:58:31.584015+01:00,14.17,14.89,72.2,1.34,269.0
2025-11-16 08:03:32.203658+01:00,14.06,14.83,72.6,1.79,236.0
2025-11-16 08:08:32.882043+01:00,14.06,14.72,72.8,1.79,247.0
2025-11-16 08:13:33.570385+01:00,14.06,14.61,73.3,1.79,206.0
2025-11-16 08:18:34.236004+01:00,14.0,14.56,73.5,1.79,239.0
2025-11-16 08:23:34.834992+01:00,14.0,14.5,74.0,1.34,250.0
2025-11-16 08:28:35.506459+01:00,14.0,14.39,74.1,1.79,273.0
2025-11-16 08:33:36.109094+01:00,14.0,14.28,74.8,1.34,230.0
2025-11-16 08:38:36.767075+01:00,14.06,14.39,74.5,2.24,247.0
2025-11-16 08:43:37.369409+01:00,14.06,14.39,74.5,1.34,268.0
2025-11-16 08:46:09.051067+01:00,14.17,14.44,74.5,1.34,254.0
2025-11-16 08:46:13.947079+01:00,14.17,14.44,74.5,1.34,254.0
2025-11-16 08:46:15.650398+01:00,14.17,14.44,74.5,1.34,254.0
2025-11-16 08:51:16.207450+01:00,14.17,14.56,74.4,1.34,292.0
2025-11-16 08:56:16.841664+01:00,14.22,14.83,72.3,1.34,269.0
2025-11-16 09:01:17.440763+01:00,14.22,15.17,70.3,1.79,225.0
2025-11-16 09:06:18.005563+01:00,14.44,15.5,66.3,2.68,263.0
2025-11-16 09:11:18.649491+01:00,14.44,15.78,65.8,1.34,269.0
2025-11-16 09:16:19.252598+01:00,14.61,16.17,63.3,2.24,17.0
2025-11-16 09:21:19.868920+01:00,14.22,16.39,65.8,1.79,355.0
2025-11-16 09:26:20.437251+01:00,14.44,16.39,65.0,1.34,72.0
2025-11-16 09:31:21.071249+01:00,14.44,16.39,62.1,1.34,246.0
2025-11-16 09:36:21.683664+01:00,14.5,16.5,61.5,0.45,272.0
2025-11-16 09:41:22.283358+01:00,14.44,16.67,60.7,1.34,352.0
2025-11-16 09:46:22.923244+01:00,14.5,16.78,60.4,0.89,287.0
2025-11-16 09:51:23.568327+01:00,14.78,16.94,59.9,0.89,242.0
2025-11-16 09:56:24.163308+01:00,14.78,17.11,59.0,1.34,325.0
2025-11-16 10:01:24.753588+01:00,14.83,17.28,58.4,1.79,243.0
2025-11-16 10:06:25.419143+01:00,14.67,17.39,57.8,1.79,271.0
2025-11-16 10:11:26.006023+01:00,14.83,17.56,57.3,0.89,220.0
2025-11-16 10:16:26.603035+01:00,14.94,17.78,56.9,1.79,219.0
2025-11-16 10:21:27.201837+01:00,14.83,18.0,55.4,3.13,200.0
2025-11-16 10:26:27.842746+01:00,15.0,18.17,55.3,3.13,195.0
2025-11-16 10:31:28.533143+01:00,15.0,18.33,55.2,3.58,225.0
2025-11-16 10:36:29.124709+01:00,15.0,18.56,55.1,4.02,254.0
2025-11-16 10:41:29.759927+01:00,15.17,18.83,54.3,4.47,202.0
2025-11-16 10:46:30.354700+01:00,15.11,18.94,54.1,4.02,252.0
2025-11-16 10:51:31.097002+01:00,15.28,19.0,53.5,4.47,232.0
2025-11-16 10:56:31.715778+01:00,15.33,18.89,54.4,3.13,275.0
2025-11-16 11:01:32.354914+01:00,15.44,18.94,52.9,4.02,274.0
2025-11-16 11:06:32.969414+01:00,15.94,19.0,53.3,3.13,291.0
2025-11-16 11:11:33.598950+01:00,16.06,19.06,53.1,2.68,182.0
2025-11-16 11:16:34.171027+01:00,16.39,19.17,53.2,3.13,268.0
2025-11-16 11:21:34.747951+01:00,16.83,19.11,53.3,2.68,213.0
2025-11-16 11:26:35.373571+01:00,17.33,19.33,53.5,2.68,175.0
2025-11-16 11:31:36.378618+01:00,17.72,19.72,52.4,2.68,90.0
2025-11-16 11:36:37.024745+01:00,17.94,20.06,52.5,3.58,271.0
2025-11-16 11:41:37.644514+01:00,18.44,20.11,51.6,2.68,221.0
2025-11-16 11:46:38.258429+01:00,18.89,20.17,51.6,1.79,149.0
2025-11-16 11:51:38.916837+01:00,19.22,20.17,51.4,2.68,234.0
2025-11-16 11:56:39.622272+01:00,18.89,20.11,51.3,1.79,187.0
2025-11-16 12:01:40.267166+01:00,18.78,19.94,53.0,1.79,198.0
2025-11-16 12:06:40.923235+01:00,18.89,19.83,53.3,3.13,207.0
2025-11-16 12:11:41.566896+01:00,18.67,19.28,53.3,5.81,292.0
2025-11-16 12:16:42.256370+01:00,18.78,19.11,54.5,4.02,187.0
2025-11-16 12:21:42.923503+01:00,19.06,18.78,55.4,6.26,292.0
2025-11-16 12:26:43.486478+01:00,18.94,18.78,56.2,3.58,208.0
2025-11-16 12:31:44.109344+01:00,18.94,18.89,56.1,2.68,225.0
2025-11-16 12:36:44.744508+01:00,19.06,18.89,56.4,4.47,321.0
2025-11-16 12:41:45.422084+01:00,19.11,18.89,56.8,2.68,198.0
2025-11-16 12:46:46.149715+01:00,19.22,19.0,55.3,2.68,271.0
2025-11-16 12:51:46.751959+01:00,19.39,19.11,55.0,2.24,319.0
2025-11-16 12:56:47.474850+01:00,19.39,19.28,54.8,2.24,135.0
2025-11-16 13:01:48.197553+01:00,19.39,19.39,55.1,1.34,194.0
2025-11-22 08:41:56.666162+01:00,19.89,19.28,54.0,0.0,0.0
2025-11-22 08:46:25.374305+01:00,19.89,19.28,54.0,0.0,0.0
2025-11-22 08:50:07.856505+01:00,19.89,19.28,54.0,0.0,0.0
2025-11-22 08:50:44.796662+01:00,19.89,19.28,54.0,0.0,0.0
2025-11-22 09:10:17.306118+01:00,19.89,19.28,54.0,0.0,0.0
2025-11-22 09:14:32.904625+01:00,19.89,19.28,54.0,0.0,0.0
2025-11-22 09:16:53.078047+01:00,19.89,19.28,54.0,0.0,0.0
2025-11-22 09:17:35.130931+01:00,19.89,19.28,54.0,0.0,0.0
2025-11-22 09:18:43.613214+01:00,19.89,19.28,54.0,0.0,0.0
2025-11-22 09:19:49.270708+01:00,19.89,19.28,54.0,0.0,0.0
2025-11-22 09:23:02.530052+01:00,19.89,19.28,54.0,0.0,0.0
2025-11-22 09:23:46.032879+01:00,19.89,19.28,54.0,0.0,0.0
2025-11-22 09:24:37.359050+01:00,19.89,19.28,54.0,0.0,0.0
2025-11-22 09:26:45.917673+01:00,19.89,19.28,54.0,0.0,0.0
2025-11-22 09:27:38.910757+01:00,19.89,19.28,54.0,0.0,0.0
2025-11-22 09:27:53.076725+01:00,19.89,19.28,54.0,0.0,0.0
2025-11-22 09:29:46.609323+01:00,19.89,19.28,54.0,0.0,0.0
2025-11-22 09:30:57.484222+01:00,19.89,19.28,54.0,0.0,0.0
2025-11-22 09:32:34.686027+01:00,19.89,19.28,54.0,0.0,0.0
2025-11-22 09:36:15.129025+01:00,19.89,19.28,54.0,0.0,0.0
2025-11-22 09:37:13.011228+01:00,19.89,19.28,54.0,0.0,0.0
2025-11-22 09:38:18.305940+01:00,19.89,19.28,54.0,0.0,0.0
2025-11-22 09:39:28.246738+01:00,19.89,19.28,54.0,0.0,0.0
2025-11-22 09:40:37.605464+01:00,19.89,19.28,54.0,0.0,0.0
2025-11-22 09:41:37.052605+01:00,19.89,19.28,54.0,0.0,0.0
2025-11-22 09:42:21.341023+01:00,19.89,19.28,54.0,0.0,0.0
2025-11-22 09:43:31.434888+01:00,19.89,19.28,54.0,0.0,0.0
2025-11-22 09:43:56.006722+01:00,19.89,19.28,54.0,0.0,0.0
2025-11-22 09:47:07.135992+01:00,19.89,19.28,54.0,0.0,0.0
2025-11-22 09:47:48.458547+01:00,19.89,19.28,54.0,0.0,0.0
2025-11-22 09:49:34.389916+01:00,19.89,19.28,54.0,0.0,0.0
2025-11-22 09:50:29.269168+01:00,19.89,19.28,54.0,0.0,0.0
2025-11-22 09:51:36.816742+01:00,19.89,19.28,54.0,0.0,0.0
2025-11-22 09:52:24.032934+01:00,19.89,19.28,54.0,0.0,0.0
2025-11-22 09:52:39.302562+01:00,19.89,19.28,54,0.0,0
